idx	status	source_file	line_no	variant	core_sha256_bits	red_K5	blue_K5	red_K4_count	blue_K4_count	phi0_exists	phi0_timeout	phi0_nodes	phi0_elapsed_s	phi1_exists	phi1_timeout	phi1_nodes	phi1_elapsed_s	phi2_exists	phi2_timeout	phi2_nodes	phi2_elapsed_s	phi2_red_phi	phi2_blue_phi	phi2_degree	status_detail
1	DELTA_GE_3_PROVED	C:\mcdo_ramsey_MASTER43\01_VALIDATION\MDO_R55_REFERENCE_CANDIDATE_V27E_STABLE\MDO_R55_REFERENCE_CANDIDATE_V27E_20260509_032316\positive_control_candidate.g6	1	source	405f4b0430f5cec8ebbc6d36bf2c39ad9a9acfaa0e435c86db4f5f576462c7d5	0	0	1141	1172	False	False	95	0.457	False	False	515	2.271	False	False	1461	6.296				phi 0,1,2 excluded
2	DELTA_GE_3_PROVED	C:\mcdo_ramsey_MASTER43\01_VALIDATION\MDO_R55_REFERENCE_CANDIDATE_V27E_STABLE\MDO_R55_REFERENCE_CANDIDATE_V27E_20260509_032316\positive_control_candidate.g6	1	complement	d883eebeb1e0b1acbab88f12b3273d8b980899dcaa947aeec7803c543b9ca1f2	0	0	1172	1141	False	False	95	0.483	False	False	515	2.306	False	False	1461	6.322				phi 0,1,2 excluded
3	DELTA_GE_3_PROVED	C:\mcdo_ramsey_MASTER43\01_VALIDATION\MDO_R55_REFERENCE_CANDIDATE_V27E_STABLE\MDO_R55_REFERENCE_CANDIDATE_V27E_20260509_032316\r55_42some.g6	2	source	5a27b1410ddc68fe14f52f827444e587e08ababe2bbe4967cae3b2bbfd38938e	0	0	1149	1156	False	False	103	0.5	False	False	567	2.501	False	False	1657	7.086				phi 0,1,2 excluded
4	DELTA_GE_3_PROVED	C:\mcdo_ramsey_MASTER43\01_VALIDATION\MDO_R55_REFERENCE_CANDIDATE_V27E_STABLE\MDO_R55_REFERENCE_CANDIDATE_V27E_20260509_032316\r55_42some.g6	2	complement	396769bc0ef42a0cbe99015599cfba26afc8a86728826e4b632e5efb5eb6d04b	0	0	1156	1149	False	False	103	0.502	False	False	567	2.528	False	False	1657	7.174				phi 0,1,2 excluded
5	DELTA_GE_3_PROVED	C:\mcdo_ramsey_MASTER43\01_VALIDATION\MDO_R55_REFERENCE_CANDIDATE_V27E_STABLE\MDO_R55_REFERENCE_CANDIDATE_V27E_20260509_032316\r55_42some.g6	3	source	4e4f919fd1ac59bf3c059f2f2ede5bc1013c6431ee54bf12b62c3c6459854f83	0	0	1162	1145	False	False	103	0.523	False	False	607	2.732	False	False	1721	7.288				phi 0,1,2 excluded
6	DELTA_GE_3_PROVED	C:\mcdo_ramsey_MASTER43\01_VALIDATION\MDO_R55_REFERENCE_CANDIDATE_V27E_STABLE\MDO_R55_REFERENCE_CANDIDATE_V27E_20260509_032316\r55_42some.g6	3	complement	e1c4b9eba291f54bf59985ed963b18a30c8d7f2ce83de451a00fa38a779a1c8b	0	0	1145	1162	False	False	103	0.51	False	False	607	2.704	False	False	1721	7.304				phi 0,1,2 excluded
7	DELTA_GE_3_PROVED	C:\mcdo_ramsey_MASTER43\01_VALIDATION\MDO_R55_REFERENCE_CANDIDATE_V27E_STABLE\MDO_R55_REFERENCE_CANDIDATE_V27E_20260509_032316\r55_42some.g6	4	source	a367a87ab377aff8231f7979899f079234ae864a79fbf3a1d4f3b6f38ec20ae7	0	0	1122	1186	False	False	75	0.37	False	False	475	2.099	False	False	1279	5.593				phi 0,1,2 excluded
8	DELTA_GE_3_PROVED	C:\mcdo_ramsey_MASTER43\01_VALIDATION\MDO_R55_REFERENCE_CANDIDATE_V27E_STABLE\MDO_R55_REFERENCE_CANDIDATE_V27E_20260509_032316\r55_42some.g6	4	complement	6c7d85a933014fc5b49d897591c66948d6b3b79acdc13ff01ade2d01b28b59c9	0	0	1186	1122	False	False	75	0.366	False	False	475	2.093	False	False	1279	5.285				phi 0,1,2 excluded
9	DELTA_GE_3_PROVED	C:\mcdo_ramsey_MASTER43\01_VALIDATION\MDO_R55_REFERENCE_CANDIDATE_V27E_STABLE\MDO_R55_REFERENCE_CANDIDATE_V27E_20260509_032316\r55_42some.g6	5	source	2af15b5565168aa201443ccda43848d41bb8b35f68a446f713c7419092233104	0	0	1135	1171	False	False	69	0.323	False	False	381	1.683	False	False	1229	5.071				phi 0,1,2 excluded
10	DELTA_GE_3_PROVED	C:\mcdo_ramsey_MASTER43\01_VALIDATION\MDO_R55_REFERENCE_CANDIDATE_V27E_STABLE\MDO_R55_REFERENCE_CANDIDATE_V27E_20260509_032316\r55_42some.g6	5	complement	0da103ef0e3815ae94ceb06768e11f563e8997ef52b334b2f5627771e9557eb3	0	0	1171	1135	False	False	69	0.328	False	False	381	1.638	False	False	1229	5.251				phi 0,1,2 excluded
11	DELTA_GE_3_PROVED	C:\mcdo_ramsey_MASTER43\01_VALIDATION\MDO_R55_REFERENCE_CANDIDATE_V27E_STABLE\MDO_R55_REFERENCE_CANDIDATE_V27E_20260509_032316\r55_42some.g6	6	source	182dea431349386fd362e1c280b4b1f970bfed64a375f2dc65555369b93860ba	0	0	1148	1159	False	False	87	0.425	False	False	431	2.023	False	False	1237	5.551				phi 0,1,2 excluded
12	DELTA_GE_3_PROVED	C:\mcdo_ramsey_MASTER43\01_VALIDATION\MDO_R55_REFERENCE_CANDIDATE_V27E_STABLE\MDO_R55_REFERENCE_CANDIDATE_V27E_20260509_032316\r55_42some.g6	6	complement	be133cebac79e40db7463050615411f9acb6b3a3a314af2ab3b2025162165476	0	0	1159	1148	False	False	87	0.43	False	False	431	1.985	False	False	1237	5.453				phi 0,1,2 excluded
13	DELTA_GE_3_PROVED	C:\mcdo_ramsey_MASTER43\01_VALIDATION\MDO_R55_REFERENCE_CANDIDATE_V27E_STABLE\MDO_R55_REFERENCE_CANDIDATE_V27E_20260509_032316\r55_42some.g6	7	source	0e13925dc6fc14cbead945250a5aa5885c50934c23784f259133e0d7df3434d3	0	0	1161	1151	False	False	77	0.381	False	False	375	1.713	False	False	1121	4.921				phi 0,1,2 excluded
14	DELTA_GE_3_PROVED	C:\mcdo_ramsey_MASTER43\01_VALIDATION\MDO_R55_REFERENCE_CANDIDATE_V27E_STABLE\MDO_R55_REFERENCE_CANDIDATE_V27E_20260509_032316\r55_42some.g6	7	complement	6a32ce0c7d733560b925ee23b7c54e0b1753ce26f8cd96ba6f25be12ed19d714	0	0	1151	1161	False	False	77	0.392	False	False	375	1.754	False	False	1121	4.987				phi 0,1,2 excluded
15	DELTA_GE_3_PROVED	C:\mcdo_ramsey_MASTER43\01_VALIDATION\MDO_R55_REFERENCE_CANDIDATE_V27E_STABLE\MDO_R55_REFERENCE_CANDIDATE_V27E_20260509_032316\r55_42some.g6	8	source	71ca30b597e29359aa3f2cdadb14fd78f42ce9aa855bfb5ad738abc9370bc108	0	0	1136	1170	False	False	75	0.371	False	False	465	2.029	False	False	1255	5.375				phi 0,1,2 excluded
16	DELTA_GE_3_PROVED	C:\mcdo_ramsey_MASTER43\01_VALIDATION\MDO_R55_REFERENCE_CANDIDATE_V27E_STABLE\MDO_R55_REFERENCE_CANDIDATE_V27E_20260509_032316\r55_42some.g6	8	complement	dc415311780520d72d4d856309ef1c572c7f4cdd9524a9c1987eac691daed2fe	0	0	1170	1136	False	False	75	0.374	False	False	465	2.008	False	False	1255	5.542				phi 0,1,2 excluded
17	DELTA_GE_3_PROVED	C:\mcdo_ramsey_MASTER43\01_VALIDATION\MDO_R55_REFERENCE_CANDIDATE_V27E_STABLE\MDO_R55_REFERENCE_CANDIDATE_V27E_20260509_032316\r55_42some.g6	9	source	8acfe5d41789da58df27f7a0ce014aecced9394614ca9b67c983518df9dd6f7b	0	0	1149	1155	False	False	73	0.372	False	False	371	1.716	False	False	1081	4.867				phi 0,1,2 excluded
18	DELTA_GE_3_PROVED	C:\mcdo_ramsey_MASTER43\01_VALIDATION\MDO_R55_REFERENCE_CANDIDATE_V27E_STABLE\MDO_R55_REFERENCE_CANDIDATE_V27E_20260509_032316\r55_42some.g6	9	complement	fefb34f6dcc3393e539374ea68079add92cfbf9ec0fe611f4811c6f4aa28b66c	0	0	1155	1149	False	False	73	0.373	False	False	371	1.735	False	False	1081	4.897				phi 0,1,2 excluded
19	DELTA_GE_3_PROVED	C:\mcdo_ramsey_MASTER43\01_VALIDATION\MDO_R55_REFERENCE_CANDIDATE_V27E_STABLE\MDO_R55_REFERENCE_CANDIDATE_V27E_20260509_032316\r55_42some.g6	10	source	b49e5c62f4e61ca36eda30a7e0b24a309eb0c997382c9931ca8152aba4d8b789	0	0	1162	1143	False	False	133	0.637	False	False	733	3.167	False	False	1781	7.528				phi 0,1,2 excluded
20	DELTA_GE_3_PROVED	C:\mcdo_ramsey_MASTER43\01_VALIDATION\MDO_R55_REFERENCE_CANDIDATE_V27E_STABLE\MDO_R55_REFERENCE_CANDIDATE_V27E_20260509_032316\r55_42some.g6	10	complement	c2116897459d3abc635298f1b1f90b2428714c23c4423fc335aebc3884d54cc5	0	0	1143	1162	False	False	133	0.643	False	False	733	3.211	False	False	1781	7.476				phi 0,1,2 excluded
21	DELTA_GE_3_PROVED	C:\mcdo_ramsey_MASTER43\01_VALIDATION\MDO_R55_REFERENCE_CANDIDATE_V27E_STABLE\MDO_R55_REFERENCE_CANDIDATE_V27E_20260509_032316\r55_42some.g6	11	source	7df589c720baf45165c26988a73e5bf169e44e0b74a6b03e21fb97ed86db4ece	0	0	1175	1135	False	False	143	0.702	False	False	733	3.222	False	False	1911	8.132				phi 0,1,2 excluded
22	DELTA_GE_3_PROVED	C:\mcdo_ramsey_MASTER43\01_VALIDATION\MDO_R55_REFERENCE_CANDIDATE_V27E_STABLE\MDO_R55_REFERENCE_CANDIDATE_V27E_20260509_032316\r55_42some.g6	11	complement	90004bdf4e67db5b90b1edc1ef2868402f18c433021fb1555d813429616c5461	0	0	1135	1175	False	False	143	0.696	False	False	733	3.196	False	False	1911	8.137				phi 0,1,2 excluded
23	DELTA_GE_3_PROVED	C:\mcdo_ramsey_MASTER43\01_VALIDATION\MDO_R55_REFERENCE_CANDIDATE_V27E_STABLE\MDO_R55_REFERENCE_CANDIDATE_V27E_20260509_032316\r55_42some.g6	12	source	617cc79282952bb6314be8e2f67ae779d37c9e18d9eeb2799cf37212b8eb9b35	0	0	1155	1156	False	False	103	0.502	False	False	619	2.708	False	False	1723	7.254				phi 0,1,2 excluded
24	DELTA_GE_3_PROVED	C:\mcdo_ramsey_MASTER43\01_VALIDATION\MDO_R55_REFERENCE_CANDIDATE_V27E_STABLE\MDO_R55_REFERENCE_CANDIDATE_V27E_20260509_032316\r55_42some.g6	12	complement	009ce263cd8b4842cf85d25ece957874906a4ee386053959219f3783269ea79d	0	0	1156	1155	False	False	103	0.508	False	False	619	2.71	False	False	1723	7.253				phi 0,1,2 excluded
25	DELTA_GE_3_PROVED	C:\mcdo_ramsey_MASTER43\01_VALIDATION\MDO_R55_REFERENCE_CANDIDATE_V27E_STABLE\MDO_R55_REFERENCE_CANDIDATE_V27E_20260509_032316\r55_42some.g6	13	source	df646c9d10aa25f166a895173e0e4b72ceae24cbb530eafc4b8869b6bead22ff	0	0	1128	1184	False	False	91	0.453	False	False	501	2.266	False	False	1361	5.952				phi 0,1,2 excluded
26	DELTA_GE_3_PROVED	C:\mcdo_ramsey_MASTER43\01_VALIDATION\MDO_R55_REFERENCE_CANDIDATE_V27E_STABLE\MDO_R55_REFERENCE_CANDIDATE_V27E_20260509_032316\r55_42some.g6	13	complement	9fb605152fef0383da47a38cee7342fb370a5eff55ce95da1d133dbf2d6593ab	0	0	1184	1128	False	False	91	0.45	False	False	501	2.209	False	False	1361	5.976				phi 0,1,2 excluded
27	DELTA_GE_3_PROVED	C:\mcdo_ramsey_MASTER43\01_VALIDATION\MDO_R55_REFERENCE_CANDIDATE_V27E_STABLE\MDO_R55_REFERENCE_CANDIDATE_V27E_20260509_032316\r55_42some.g6	14	source	68a2accefcbe5fcad78b31ec38e114cc39eb9d003e20f2f37b78bbd63527ee74	0	0	1115	1198	False	False	71	0.349	False	False	455	1.964	False	False	1213	5.147				phi 0,1,2 excluded
28	DELTA_GE_3_PROVED	C:\mcdo_ramsey_MASTER43\01_VALIDATION\MDO_R55_REFERENCE_CANDIDATE_V27E_STABLE\MDO_R55_REFERENCE_CANDIDATE_V27E_20260509_032316\r55_42some.g6	14	complement	7b06aea373b54dae598c10f2faac985a91b3e47ea315b5b9c2d007c8964bc415	0	0	1198	1115	False	False	71	0.353	False	False	455	2.002	False	False	1213	5.303				phi 0,1,2 excluded
29	DELTA_GE_3_PROVED	C:\mcdo_ramsey_MASTER43\01_VALIDATION\MDO_R55_REFERENCE_CANDIDATE_V27E_STABLE\MDO_R55_REFERENCE_CANDIDATE_V27E_20260509_032316\r55_42some.g6	15	source	a567e5c3beb19467bb3b93e30cf663f6c9544974c0a4a957de3fa3405b57c7ba	0	0	1128	1182	False	False	67	0.328	False	False	377	1.696	False	False	1181	5.144				phi 0,1,2 excluded
30	DELTA_GE_3_PROVED	C:\mcdo_ramsey_MASTER43\01_VALIDATION\MDO_R55_REFERENCE_CANDIDATE_V27E_STABLE\MDO_R55_REFERENCE_CANDIDATE_V27E_20260509_032316\r55_42some.g6	15	complement	353e91d21450e28689726626b9e631bf696da2e346f6bc29449613b90ae2bc8f	0	0	1182	1128	False	False	67	0.331	False	False	377	1.678	False	False	1181	5.129				phi 0,1,2 excluded
31	DELTA_GE_3_PROVED	C:\mcdo_ramsey_MASTER43\01_VALIDATION\MDO_R55_REFERENCE_CANDIDATE_V27E_STABLE\MDO_R55_REFERENCE_CANDIDATE_V27E_20260509_032316\r55_42some.g6	16	source	75c6e28b05d47e3602053ee6a593468d6816a06971e89e7a334a0098ad96a0ae	0	0	1141	1171	False	False	77	0.372	False	False	385	1.714	False	False	1215	5.183				phi 0,1,2 excluded
32	DELTA_GE_3_PROVED	C:\mcdo_ramsey_MASTER43\01_VALIDATION\MDO_R55_REFERENCE_CANDIDATE_V27E_STABLE\MDO_R55_REFERENCE_CANDIDATE_V27E_20260509_032316\r55_42some.g6	16	complement	32a16291e64a29a6444f793cca8f5bfa66d60c1e1ef35c469512573cc2a2f03e	0	0	1171	1141	False	False	77	0.389	False	False	385	1.775	False	False	1215	5.466				phi 0,1,2 excluded
33	DELTA_GE_3_PROVED	C:\mcdo_ramsey_MASTER43\01_VALIDATION\MDO_R55_REFERENCE_CANDIDATE_V27E_STABLE\MDO_R55_REFERENCE_CANDIDATE_V27E_20260509_032316\r55_42some.g6	17	source	e5d14155f245a312dcfa78d697d676ddbac09e876d109a772438106d34d458e3	0	0	1154	1162	False	False	77	0.385	False	False	373	1.705	False	False	1123	4.971				phi 0,1,2 excluded
34	DELTA_GE_3_PROVED	C:\mcdo_ramsey_MASTER43\01_VALIDATION\MDO_R55_REFERENCE_CANDIDATE_V27E_STABLE\MDO_R55_REFERENCE_CANDIDATE_V27E_20260509_032316\r55_42some.g6	17	complement	5fadc1d870f0646513efaaf83ee5e7dd6a1f5f86104f16f2827fd54a27e67944	0	0	1162	1154	False	False	77	0.392	False	False	373	1.707	False	False	1123	4.931				phi 0,1,2 excluded
35	DELTA_GE_3_PROVED	C:\mcdo_ramsey_MASTER43\01_VALIDATION\MDO_R55_REFERENCE_CANDIDATE_V27E_STABLE\MDO_R55_REFERENCE_CANDIDATE_V27E_20260509_032316\r55_42some.g6	18	source	1a187dea058b35f5526fad7d70fec6078f63131a1d6895a7d8e121d8ec1fec4c	0	0	1129	1182	False	False	73	0.357	False	False	433	1.876	False	False	1223	5.137				phi 0,1,2 excluded
36	DELTA_GE_3_PROVED	C:\mcdo_ramsey_MASTER43\01_VALIDATION\MDO_R55_REFERENCE_CANDIDATE_V27E_STABLE\MDO_R55_REFERENCE_CANDIDATE_V27E_20260509_032316\r55_42some.g6	18	complement	90d32f73c5cbd2a992b55a2deef30cdd7df11ca76a6c227d93e5f8c0f7c6d024	0	0	1182	1129	False	False	73	0.353	False	False	433	1.905	False	False	1223	5.207				phi 0,1,2 excluded
37	DELTA_GE_3_PROVED	C:\mcdo_ramsey_MASTER43\01_VALIDATION\MDO_R55_REFERENCE_CANDIDATE_V27E_STABLE\MDO_R55_REFERENCE_CANDIDATE_V27E_20260509_032316\r55_42some.g6	19	source	7495dc9b0a2e848338a4cfa049985c2ee51e260bdfa3a84708530015edf3b2d7	0	0	1142	1166	False	False	79	0.403	False	False	421	1.907	False	False	1229	5.338				phi 0,1,2 excluded
38	DELTA_GE_3_PROVED	C:\mcdo_ramsey_MASTER43\01_VALIDATION\MDO_R55_REFERENCE_CANDIDATE_V27E_STABLE\MDO_R55_REFERENCE_CANDIDATE_V27E_20260509_032316\r55_42some.g6	19	complement	b9d0acb1ba1d8289ecfd8645f5c8f554af3e4bbc4b3ca532671e9964b6b34681	0	0	1166	1142	False	False	79	0.391	False	False	421	1.911	False	False	1229	5.318				phi 0,1,2 excluded
39	DELTA_GE_3_PROVED	C:\mcdo_ramsey_MASTER43\01_VALIDATION\MDO_R55_REFERENCE_CANDIDATE_V27E_STABLE\MDO_R55_REFERENCE_CANDIDATE_V27E_20260509_032316\r55_42some.g6	20	source	c6f7a9a8ff6a162e707a9b40ff09d859f56be85b52a3cff627bf77797180a5f4	0	0	1155	1155	False	False	71	0.345	False	False	377	1.666	False	False	1169	4.988				phi 0,1,2 excluded
40	DELTA_GE_3_PROVED	C:\mcdo_ramsey_MASTER43\01_VALIDATION\MDO_R55_REFERENCE_CANDIDATE_V27E_STABLE\MDO_R55_REFERENCE_CANDIDATE_V27E_20260509_032316\r55_42some.g6	20	complement	164ceae5145e662147f1e040bf91323048ffa7f403ea62ea2ddc17218b8a6477	0	0	1155	1155	False	False	71	0.346	False	False	377	1.681	False	False	1169	5.045				phi 0,1,2 excluded
41	DELTA_GE_3_PROVED	C:\mcdo_ramsey_MASTER43\01_VALIDATION\MDO_R55_REFERENCE_CANDIDATE_V27E_STABLE\MDO_R55_REFERENCE_CANDIDATE_V27E_20260509_032316\r55_42some.g6	21	source	0e9fac6cd4e01a61277461f3d5a78448a381817ccd2d2f2551208b22123e74ae	0	0	1168	1146	False	False	133	0.655	False	False	679	3.006	False	False	1803	7.688				phi 0,1,2 excluded
42	DELTA_GE_3_PROVED	C:\mcdo_ramsey_MASTER43\01_VALIDATION\MDO_R55_REFERENCE_CANDIDATE_V27E_STABLE\MDO_R55_REFERENCE_CANDIDATE_V27E_20260509_032316\r55_42some.g6	21	complement	57bbf1f936127c598614044a09981396c8b3fd2e8c0872b19018f2af5918a20c	0	0	1146	1168	False	False	133	0.653	False	False	679	3.006	False	False	1803	7.617				phi 0,1,2 excluded
43	DELTA_GE_3_PROVED	C:\mcdo_ramsey_MASTER43\01_VALIDATION\MDO_R55_REFERENCE_CANDIDATE_V27E_STABLE\MDO_R55_REFERENCE_CANDIDATE_V27E_20260509_032316\r55_42some.g6	22	source	69a937dd264e6d878af945f92a0f1b9c99e26f2a5961262f74a17e6334b5d758	0	0	1135	1172	False	False	83	0.4	False	False	461	2.023	False	False	1413	6.027				phi 0,1,2 excluded
44	DELTA_GE_3_PROVED	C:\mcdo_ramsey_MASTER43\01_VALIDATION\MDO_R55_REFERENCE_CANDIDATE_V27E_STABLE\MDO_R55_REFERENCE_CANDIDATE_V27E_20260509_032316\r55_42some.g6	22	complement	5ff94700ec713286431bc81b8c249751b0c4248aa1d7a8f2e361869914ec25a8	0	0	1172	1135	False	False	83	0.412	False	False	461	2.048	False	False	1413	6.052				phi 0,1,2 excluded
45	DELTA_GE_3_PROVED	C:\mcdo_ramsey_MASTER43\01_VALIDATION\MDO_R55_REFERENCE_CANDIDATE_V27E_STABLE\MDO_R55_REFERENCE_CANDIDATE_V27E_20260509_032316\r55_42some.g6	23	source	23906f313eb5fc686225258910b39880feb7da616cd641e74cbdbee52f07cc4b	0	0	1148	1161	False	False	103	0.498	False	False	535	2.353	False	False	1595	6.727				phi 0,1,2 excluded
46	DELTA_GE_3_PROVED	C:\mcdo_ramsey_MASTER43\01_VALIDATION\MDO_R55_REFERENCE_CANDIDATE_V27E_STABLE\MDO_R55_REFERENCE_CANDIDATE_V27E_20260509_032316\r55_42some.g6	23	complement	0306468543b1d6123b95c42ba44b012f21a3a565edbbd3cc829b8ac6358f5992	0	0	1161	1148	False	False	103	0.513	False	False	535	2.405	False	False	1595	6.864				phi 0,1,2 excluded
47	DELTA_GE_3_PROVED	C:\mcdo_ramsey_MASTER43\01_VALIDATION\MDO_R55_REFERENCE_CANDIDATE_V27E_STABLE\MDO_R55_REFERENCE_CANDIDATE_V27E_20260509_032316\r55_42some.g6	24	source	5286e94d4b9f7fa580bfb49bf03955eb2b28638709aa78ed50ab7cc6c541a656	0	0	1104	1211	False	False	73	0.356	False	False	383	1.709	False	False	997	4.413				phi 0,1,2 excluded
48	DELTA_GE_3_PROVED	C:\mcdo_ramsey_MASTER43\01_VALIDATION\MDO_R55_REFERENCE_CANDIDATE_V27E_STABLE\MDO_R55_REFERENCE_CANDIDATE_V27E_20260509_032316\r55_42some.g6	24	complement	d340dc3f74634cce99f1ffdc3811713d3aef0fb956e7e5f9950f21d09e99d1d8	0	0	1211	1104	False	False	73	0.351	False	False	383	1.715	False	False	997	4.383				phi 0,1,2 excluded
49	DELTA_GE_3_PROVED	C:\mcdo_ramsey_MASTER43\01_VALIDATION\MDO_R55_REFERENCE_CANDIDATE_V27E_STABLE\MDO_R55_REFERENCE_CANDIDATE_V27E_20260509_032316\r55_42some.g6	25	source	9b0894e69eb4e718dc406dbf1451afa319ea32b555837050b38c1d9501112d8e	0	0	1142	1168	False	False	83	0.396	False	False	493	2.121	False	False	1373	5.786				phi 0,1,2 excluded
50	DELTA_GE_3_PROVED	C:\mcdo_ramsey_MASTER43\01_VALIDATION\MDO_R55_REFERENCE_CANDIDATE_V27E_STABLE\MDO_R55_REFERENCE_CANDIDATE_V27E_20260509_032316\r55_42some.g6	25	complement	af5fc7f6e575f90ef9e71add98647b3b204d93cad20aa0216271845aed8ad5c8	0	0	1168	1142	False	False	83	0.404	False	False	493	2.13	False	False	1373	5.835				phi 0,1,2 excluded
51	DELTA_GE_3_PROVED	C:\mcdo_ramsey_MASTER43\01_VALIDATION\MDO_R55_REFERENCE_CANDIDATE_V27E_STABLE\MDO_R55_REFERENCE_CANDIDATE_V27E_20260509_032316\r55_42some.g6	26	source	105dccdbe963478ffcddd994eefca4d615d59a928526883c7d156eaf80b843f2	0	0	1181	1132	False	False	113	0.542	False	False	631	2.733	False	False	1765	7.321				phi 0,1,2 excluded
52	DELTA_GE_3_PROVED	C:\mcdo_ramsey_MASTER43\01_VALIDATION\MDO_R55_REFERENCE_CANDIDATE_V27E_STABLE\MDO_R55_REFERENCE_CANDIDATE_V27E_20260509_032316\r55_42some.g6	26	complement	a82e16da6fd1e1c2a4016b48a53574bfb9b3c071e148d9bd16db7e36b92162a2	0	0	1132	1181	False	False	113	0.55	False	False	631	2.752	False	False	1765	7.421				phi 0,1,2 excluded
53	DELTA_GE_3_PROVED	C:\mcdo_ramsey_MASTER43\01_VALIDATION\MDO_R55_REFERENCE_CANDIDATE_V27E_STABLE\MDO_R55_REFERENCE_CANDIDATE_V27E_20260509_032316\r55_42some.g6	27	source	c1740e39487a912319da55e9530106c99a82b5ef120fe84f8365fa01627c5984	0	0	1168	1142	False	False	119	0.584	False	False	617	2.723	False	False	1719	7.338				phi 0,1,2 excluded
54	DELTA_GE_3_PROVED	C:\mcdo_ramsey_MASTER43\01_VALIDATION\MDO_R55_REFERENCE_CANDIDATE_V27E_STABLE\MDO_R55_REFERENCE_CANDIDATE_V27E_20260509_032316\r55_42some.g6	27	complement	efe5bbd3f24d6b844f109e136695e0f14885e7ce8b09370daa6ee287d07472ec	0	0	1142	1168	False	False	119	0.592	False	False	617	2.798	False	False	1719	7.47				phi 0,1,2 excluded
55	DELTA_GE_3_PROVED	C:\mcdo_ramsey_MASTER43\01_VALIDATION\MDO_R55_REFERENCE_CANDIDATE_V27E_STABLE\MDO_R55_REFERENCE_CANDIDATE_V27E_20260509_032316\r55_42some.g6	28	source	d51173ca2ee00317bd1594fa578e51ef919f865bdd1f5daaedc52b50ac562d7c	0	0	1164	1143	False	False	101	0.491	False	False	569	2.467	False	False	1533	6.533				phi 0,1,2 excluded
56	DELTA_GE_3_PROVED	C:\mcdo_ramsey_MASTER43\01_VALIDATION\MDO_R55_REFERENCE_CANDIDATE_V27E_STABLE\MDO_R55_REFERENCE_CANDIDATE_V27E_20260509_032316\r55_42some.g6	28	complement	750af91eab6024c1805a449f0b309f99ba21004e8c5b62ea833afd6d0fbbd63a	0	0	1143	1164	False	False	101	0.508	False	False	569	2.516	False	False	1533	6.581				phi 0,1,2 excluded
57	DELTA_GE_3_PROVED	C:\mcdo_ramsey_MASTER43\01_VALIDATION\MDO_R55_REFERENCE_CANDIDATE_V27E_STABLE\MDO_R55_REFERENCE_CANDIDATE_V27E_20260509_032316\r55_42some.g6	29	source	4e87533ea5085dee902b81ff39d5e3f3cb6c7a2c2bca142be5fd072166d09c3a	0	0	1151	1153	False	False	121	0.588	False	False	657	2.856	False	False	1851	7.784				phi 0,1,2 excluded
58	DELTA_GE_3_PROVED	C:\mcdo_ramsey_MASTER43\01_VALIDATION\MDO_R55_REFERENCE_CANDIDATE_V27E_STABLE\MDO_R55_REFERENCE_CANDIDATE_V27E_20260509_032316\r55_42some.g6	29	complement	31d1ae8e2a7a056651dbe4ff8515135a11af5fe9bd78ca83936214b92cb2e49d	0	0	1153	1151	False	False	121	0.585	False	False	657	2.875	False	False	1851	7.89				phi 0,1,2 excluded
59	DELTA_GE_3_PROVED	C:\mcdo_ramsey_MASTER43\01_VALIDATION\MDO_R55_REFERENCE_CANDIDATE_V27E_STABLE\MDO_R55_REFERENCE_CANDIDATE_V27E_20260509_032316\r55_42some.g6	30	source	569f1c01bd2f17774e8c7f3634bf49d8d3cf36c00d7d9e23c0f2e9e143b9c4a7	0	0	1177	1130	False	False	95	0.472	False	False	503	2.269	False	False	1503	6.427				phi 0,1,2 excluded
60	DELTA_GE_3_PROVED	C:\mcdo_ramsey_MASTER43\01_VALIDATION\MDO_R55_REFERENCE_CANDIDATE_V27E_STABLE\MDO_R55_REFERENCE_CANDIDATE_V27E_20260509_032316\r55_42some.g6	30	complement	466299047d37483ab983d9cb4423cfbb518fa54d4ac9b365847809b6a2ee0373	0	0	1130	1177	False	False	95	0.473	False	False	503	2.26	False	False	1503	6.397				phi 0,1,2 excluded
61	DELTA_GE_3_PROVED	C:\mcdo_ramsey_MASTER43\01_VALIDATION\MDO_R55_REFERENCE_CANDIDATE_V27E_STABLE\MDO_R55_REFERENCE_CANDIDATE_V27E_20260509_032316\r55_42some.g6	31	source	62b30c85b08cde193ed15322c32c8cd998f30004f85428a4f0bf53916a1b93e3	0	0	1164	1140	False	False	91	0.448	False	False	545	2.383	False	False	1469	6.254				phi 0,1,2 excluded
62	DELTA_GE_3_PROVED	C:\mcdo_ramsey_MASTER43\01_VALIDATION\MDO_R55_REFERENCE_CANDIDATE_V27E_STABLE\MDO_R55_REFERENCE_CANDIDATE_V27E_20260509_032316\r55_42some.g6	31	complement	a498498fc0a0937817222bd51e0a7ad7e623640a079c01472536049c93f43ce3	0	0	1140	1164	False	False	91	0.458	False	False	545	2.435	False	False	1469	6.357				phi 0,1,2 excluded
63	DELTA_GE_3_PROVED	C:\mcdo_ramsey_MASTER43\01_VALIDATION\MDO_R55_REFERENCE_CANDIDATE_V27E_STABLE\MDO_R55_REFERENCE_CANDIDATE_V27E_20260509_032316\r55_42some.g6	32	source	7e091910bc4ffaa0b2c31ab83019064bb83e4376bbf30bd29840b6e2b40270e7	0	0	1174	1138	False	False	71	0.349	False	False	351	1.606	False	False	1119	4.871				phi 0,1,2 excluded
64	DELTA_GE_3_PROVED	C:\mcdo_ramsey_MASTER43\01_VALIDATION\MDO_R55_REFERENCE_CANDIDATE_V27E_STABLE\MDO_R55_REFERENCE_CANDIDATE_V27E_20260509_032316\r55_42some.g6	32	complement	06bc8d73b734854b562685751a9b0244fec1bf96b556c56a88b901ecd5c31a2a	0	0	1138	1174	False	False	71	0.356	False	False	351	1.622	False	False	1119	4.914				phi 0,1,2 excluded
65	DELTA_GE_3_PROVED	C:\mcdo_ramsey_MASTER43\01_VALIDATION\MDO_R55_REFERENCE_CANDIDATE_V27E_STABLE\MDO_R55_REFERENCE_CANDIDATE_V27E_20260509_032316\r55_42some.g6	33	source	dbd7d87559159f04397cd5d4ad8c59d82debf9b2770cc5081d3bbd497e8e3753	0	0	1152	1157	False	False	119	0.577	False	False	609	2.652	False	False	1593	6.748				phi 0,1,2 excluded
66	DELTA_GE_3_PROVED	C:\mcdo_ramsey_MASTER43\01_VALIDATION\MDO_R55_REFERENCE_CANDIDATE_V27E_STABLE\MDO_R55_REFERENCE_CANDIDATE_V27E_20260509_032316\r55_42some.g6	33	complement	37e8e9629a867efd6fefcc432550b8b6f550ab07fd7c213c2dc2b5039dcfd7ef	0	0	1157	1152	False	False	119	0.589	False	False	609	2.698	False	False	1593	6.81				phi 0,1,2 excluded
67	DELTA_GE_3_PROVED	C:\mcdo_ramsey_MASTER43\01_VALIDATION\MDO_R55_REFERENCE_CANDIDATE_V27E_STABLE\MDO_R55_REFERENCE_CANDIDATE_V27E_20260509_032316\r55_42some.g6	34	source	d6ab79c5c1dc0f2d856682ee0e3845c0e0f2e13887740cf7403cbbb472f61677	0	0	1148	1156	False	False	85	0.422	False	False	461	2.057	False	False	1441	6.207				phi 0,1,2 excluded
68	DELTA_GE_3_PROVED	C:\mcdo_ramsey_MASTER43\01_VALIDATION\MDO_R55_REFERENCE_CANDIDATE_V27E_STABLE\MDO_R55_REFERENCE_CANDIDATE_V27E_20260509_032316\r55_42some.g6	34	complement	f30af409b5dc43ab3d8b5a2c6c098e4a1af08bd6794da2cf4915d9c531c3935b	0	0	1156	1148	False	False	85	0.426	False	False	461	2.069	False	False	1441	6.183				phi 0,1,2 excluded
69	DELTA_GE_3_PROVED	C:\mcdo_ramsey_MASTER43\01_VALIDATION\MDO_R55_REFERENCE_CANDIDATE_V27E_STABLE\MDO_R55_REFERENCE_CANDIDATE_V27E_20260509_032316\r55_42some.g6	35	source	019878d384cf3481b0c78370720806b8ccd4ccfdb04bbc5b42e84ce28e2f4845	0	0	1178	1136	False	False	125	0.607	False	False	645	2.887	False	False	1763	7.507				phi 0,1,2 excluded
70	DELTA_GE_3_PROVED	C:\mcdo_ramsey_MASTER43\01_VALIDATION\MDO_R55_REFERENCE_CANDIDATE_V27E_STABLE\MDO_R55_REFERENCE_CANDIDATE_V27E_20260509_032316\r55_42some.g6	35	complement	0d6b116d07609b7116217129e6e5018df8f1b243fd2dc0bf13040d98f3f17b23	0	0	1136	1178	False	False	125	0.614	False	False	645	2.853	False	False	1763	7.508				phi 0,1,2 excluded
71	DELTA_GE_3_PROVED	C:\mcdo_ramsey_MASTER43\01_VALIDATION\MDO_R55_REFERENCE_CANDIDATE_V27E_STABLE\MDO_R55_REFERENCE_CANDIDATE_V27E_20260509_032316\r55_42some.g6	36	source	89a39d2b23dffdaea056a655a5d9de3b01be5851d233aa3ebcc6b832ff95ec0e	0	0	1161	1148	False	False	105	0.51	False	False	545	2.427	False	False	1637	6.97				phi 0,1,2 excluded
72	DELTA_GE_3_PROVED	C:\mcdo_ramsey_MASTER43\01_VALIDATION\MDO_R55_REFERENCE_CANDIDATE_V27E_STABLE\MDO_R55_REFERENCE_CANDIDATE_V27E_20260509_032316\r55_42some.g6	36	complement	21e5bddab05037f934e116a338d7ac9212eeebcb742f70b8ed0173ae0ab9fdf0	0	0	1148	1161	False	False	105	0.525	False	False	545	2.455	False	False	1637	6.989				phi 0,1,2 excluded
73	DELTA_GE_3_PROVED	C:\mcdo_ramsey_MASTER43\01_VALIDATION\MDO_R55_REFERENCE_CANDIDATE_V27E_STABLE\MDO_R55_REFERENCE_CANDIDATE_V27E_20260509_032316\r55_42some.g6	37	source	c2c29afee92d2c3b1282abf416d7401bfbd99094f8ebeb6eb8827632c3f6c871	0	0	1165	1146	False	False	135	0.657	False	False	717	3.158	False	False	1863	7.935				phi 0,1,2 excluded
74	DELTA_GE_3_PROVED	C:\mcdo_ramsey_MASTER43\01_VALIDATION\MDO_R55_REFERENCE_CANDIDATE_V27E_STABLE\MDO_R55_REFERENCE_CANDIDATE_V27E_20260509_032316\r55_42some.g6	37	complement	f32a1119c90b02eedd8bcc8fd75e44af60df3d55e816eb47ec1519c3c188c8b9	0	0	1146	1165	False	False	135	0.659	False	False	717	3.127	False	False	1863	7.98				phi 0,1,2 excluded
75	DELTA_GE_3_PROVED	C:\mcdo_ramsey_MASTER43\01_VALIDATION\MDO_R55_REFERENCE_CANDIDATE_V27E_STABLE\MDO_R55_REFERENCE_CANDIDATE_V27E_20260509_032316\r55_42some.g6	38	source	a3b1464f586214abbbf2a9ac463624aad2a59d00eb72ee2283cb85fc4bcc67fc	0	0	1165	1147	False	False	125	0.604	False	False	671	2.912	False	False	1733	7.289				phi 0,1,2 excluded
76	DELTA_GE_3_PROVED	C:\mcdo_ramsey_MASTER43\01_VALIDATION\MDO_R55_REFERENCE_CANDIDATE_V27E_STABLE\MDO_R55_REFERENCE_CANDIDATE_V27E_20260509_032316\r55_42some.g6	38	complement	8dda87e31e23ff5316d0d75ad87d0c914473a51d39d8a65daa66bf49cc7e95cf	0	0	1147	1165	False	False	125	0.594	False	False	671	2.903	False	False	1733	7.336				phi 0,1,2 excluded
77	DELTA_GE_3_PROVED	C:\mcdo_ramsey_MASTER43\01_VALIDATION\MDO_R55_REFERENCE_CANDIDATE_V27E_STABLE\MDO_R55_REFERENCE_CANDIDATE_V27E_20260509_032316\r55_42some.g6	39	source	155950ae1ea2f66d5c9213ecbba439bee82c680994a480860c53a58d2246ae59	0	0	1148	1159	False	False	109	0.525	False	False	561	2.505	False	False	1557	6.711				phi 0,1,2 excluded
78	DELTA_GE_3_PROVED	C:\mcdo_ramsey_MASTER43\01_VALIDATION\MDO_R55_REFERENCE_CANDIDATE_V27E_STABLE\MDO_R55_REFERENCE_CANDIDATE_V27E_20260509_032316\r55_42some.g6	39	complement	4f25d1d812a15f109c1ae0fab9dcaa031b7720c279dff459741049dbd75f50e2	0	0	1159	1148	False	False	109	0.548	False	False	561	2.502	False	False	1557	6.731				phi 0,1,2 excluded
79	DELTA_GE_3_PROVED	C:\mcdo_ramsey_MASTER43\01_VALIDATION\MDO_R55_REFERENCE_CANDIDATE_V27E_STABLE\MDO_R55_REFERENCE_CANDIDATE_V27E_20260509_032316\r55_42some.g6	40	source	d5c4036935eba0e6745a36ea5cab8bbf91e14849344afea4b83034ac71b10a9b	0	0	1177	1136	False	False	95	0.483	False	False	509	2.295	False	False	1431	6.2				phi 0,1,2 excluded
80	DELTA_GE_3_PROVED	C:\mcdo_ramsey_MASTER43\01_VALIDATION\MDO_R55_REFERENCE_CANDIDATE_V27E_STABLE\MDO_R55_REFERENCE_CANDIDATE_V27E_20260509_032316\r55_42some.g6	40	complement	57e62aeab5931015fca0c6bfab739fc8094689431e4f473bb423cadbbd5f0374	0	0	1136	1177	False	False	95	0.474	False	False	509	2.276	False	False	1431	6.247				phi 0,1,2 excluded
81	DELTA_GE_3_PROVED	C:\mcdo_ramsey_MASTER43\01_VALIDATION\MDO_R55_REFERENCE_CANDIDATE_V27E_STABLE\MDO_R55_REFERENCE_CANDIDATE_V27E_20260509_032316\r55_42some.g6	41	source	942453a8ed06163f6ef6e8583c4e08ca6d97b25c3ef4de27da8202f9017b5089	0	0	1099	1216	False	False	109	0.535	False	False	597	2.618	False	False	1621	6.804				phi 0,1,2 excluded
82	DELTA_GE_3_PROVED	C:\mcdo_ramsey_MASTER43\01_VALIDATION\MDO_R55_REFERENCE_CANDIDATE_V27E_STABLE\MDO_R55_REFERENCE_CANDIDATE_V27E_20260509_032316\r55_42some.g6	41	complement	b795086ef0be66cd05c31a287ac7972a76c43cb24d244f50d3eff7e9053fd0b4	0	0	1216	1099	False	False	109	0.516	False	False	597	2.572	False	False	1621	6.758				phi 0,1,2 excluded
83	DELTA_EXACTLY_2_PROVED	C:\mcdo_ramsey_MASTER43\01_VALIDATION\MDO_R55_REFERENCE_CANDIDATE_V27E_STABLE\MDO_R55_REFERENCE_CANDIDATE_V27E_20260509_032316\r55_42some.g6	42	source	ffe7e080b1467b26415ea03865b65442160194811881dd4a5e22426dd842bf92	0	0	1185	1133	False	False	133	0.656	False	False	799	3.304	True	False	1796	7.491	0	2	21	phi 0 and phi 1 excluded; phi 2 witness exists
84	DELTA_EXACTLY_2_PROVED	C:\mcdo_ramsey_MASTER43\01_VALIDATION\MDO_R55_REFERENCE_CANDIDATE_V27E_STABLE\MDO_R55_REFERENCE_CANDIDATE_V27E_20260509_032316\r55_42some.g6	42	complement	932c64ae048e2b09fd02a918b55ddc970e58f5e9cd0aed50106e1e04d11786ef	0	0	1133	1185	False	False	133	0.661	False	False	799	3.313	True	False	313	1.276	0	2	20	phi 0 and phi 1 excluded; phi 2 witness exists
85	DELTA_GE_3_PROVED	C:\mcdo_ramsey_MASTER43\01_VALIDATION\MDO_R55_REFERENCE_CANDIDATE_V27E_STABLE\MDO_R55_REFERENCE_CANDIDATE_V27E_20260509_032316\r55_42some.g6	43	source	4817b601f2b65843b80f3b30c59e265678f9e81d6f500585290fa3e2664730f1	0	0	1207	1114	False	False	77	0.385	False	False	455	2.03	False	False	1265	5.478				phi 0,1,2 excluded
86	DELTA_GE_3_PROVED	C:\mcdo_ramsey_MASTER43\01_VALIDATION\MDO_R55_REFERENCE_CANDIDATE_V27E_STABLE\MDO_R55_REFERENCE_CANDIDATE_V27E_20260509_032316\r55_42some.g6	43	complement	45aec911fd920f248a75ba8725c3a4a60f0084d5f2c717f0645a4060aaa1ecd5	0	0	1114	1207	False	False	77	0.393	False	False	455	2.043	False	False	1265	5.538				phi 0,1,2 excluded
87	DELTA_GE_3_PROVED	C:\mcdo_ramsey_MASTER43\01_VALIDATION\MDO_R55_REFERENCE_CANDIDATE_V27E_STABLE\MDO_R55_REFERENCE_CANDIDATE_V27E_20260509_032316\r55_42some.g6	44	source	5d101dc4b937c96be7ab17337cacab33683d84c88fd107208bb412f6a5785c3c	0	0	1194	1124	False	False	87	0.435	False	False	439	2.026	False	False	1401	6.121				phi 0,1,2 excluded
88	DELTA_GE_3_PROVED	C:\mcdo_ramsey_MASTER43\01_VALIDATION\MDO_R55_REFERENCE_CANDIDATE_V27E_STABLE\MDO_R55_REFERENCE_CANDIDATE_V27E_20260509_032316\r55_42some.g6	44	complement	e965a8d445e17e7de3b9684456c303b37e73e1c7f9bf809c4553459af94309d8	0	0	1124	1194	False	False	87	0.436	False	False	439	2.01	False	False	1401	6.035				phi 0,1,2 excluded
89	DELTA_GE_3_PROVED	C:\mcdo_ramsey_MASTER43\01_VALIDATION\MDO_R55_REFERENCE_CANDIDATE_V27E_STABLE\MDO_R55_REFERENCE_CANDIDATE_V27E_20260509_032316\r55_42some.g6	45	source	43779e3b8a4a25467fd9c1d39d4c43cf9549a8f990cdb539ca7e4adcb6a7bb1d	0	0	1177	1132	False	False	119	0.588	False	False	679	2.961	False	False	1673	7.098				phi 0,1,2 excluded
90	DELTA_GE_3_PROVED	C:\mcdo_ramsey_MASTER43\01_VALIDATION\MDO_R55_REFERENCE_CANDIDATE_V27E_STABLE\MDO_R55_REFERENCE_CANDIDATE_V27E_20260509_032316\r55_42some.g6	45	complement	82e48f9baba8c26863046b396f6242ccd96e7518c4b66806ddcc660a94be8cc4	0	0	1132	1177	False	False	119	0.594	False	False	679	2.927	False	False	1673	7.098				phi 0,1,2 excluded
91	DELTA_GE_3_PROVED	C:\mcdo_ramsey_MASTER43\01_VALIDATION\MDO_R55_REFERENCE_CANDIDATE_V27E_STABLE\MDO_R55_REFERENCE_CANDIDATE_V27E_20260509_032316\r55_42some.g6	46	source	27753322d99325b3460384fa270af32192810dee245508902019b54834da1765	0	0	1194	1121	False	False	129	0.633	False	False	703	3.058	False	False	1925	8.098				phi 0,1,2 excluded
92	DELTA_GE_3_PROVED	C:\mcdo_ramsey_MASTER43\01_VALIDATION\MDO_R55_REFERENCE_CANDIDATE_V27E_STABLE\MDO_R55_REFERENCE_CANDIDATE_V27E_20260509_032316\r55_42some.g6	46	complement	6464b270ca570743db429e216e34b3919a2623576881c1256f0365557f157b87	0	0	1121	1194	False	False	129	0.627	False	False	703	3.073	False	False	1925	8.103				phi 0,1,2 excluded
93	DELTA_GE_3_PROVED	C:\mcdo_ramsey_MASTER43\01_VALIDATION\MDO_R55_REFERENCE_CANDIDATE_V27E_STABLE\MDO_R55_REFERENCE_CANDIDATE_V27E_20260509_032316\r55_42some.g6	47	source	0e2dee1a2e0dd502215bb37d6f13f3036608fd312953ce2db303c97eeec36e90	0	0	1177	1132	False	False	95	0.475	False	False	511	2.324	False	False	1513	6.536				phi 0,1,2 excluded
94	DELTA_GE_3_PROVED	C:\mcdo_ramsey_MASTER43\01_VALIDATION\MDO_R55_REFERENCE_CANDIDATE_V27E_STABLE\MDO_R55_REFERENCE_CANDIDATE_V27E_20260509_032316\r55_42some.g6	47	complement	32ec1b9d9d26e846ad36d3f25b6ea784a042cfcbee57ddbe54357e520a0d29e2	0	0	1132	1177	False	False	95	0.472	False	False	511	2.297	False	False	1513	6.438				phi 0,1,2 excluded
95	DELTA_GE_3_PROVED	C:\mcdo_ramsey_MASTER43\01_VALIDATION\MDO_R55_REFERENCE_CANDIDATE_V27E_STABLE\MDO_R55_REFERENCE_CANDIDATE_V27E_20260509_032316\r55_42some.g6	48	source	7d7de45157ff50dc5f135586b99b16551e694de59f20546686ead1518138b659	0	0	1164	1142	False	False	105	0.518	False	False	597	2.611	False	False	1689	7.114				phi 0,1,2 excluded
96	DELTA_GE_3_PROVED	C:\mcdo_ramsey_MASTER43\01_VALIDATION\MDO_R55_REFERENCE_CANDIDATE_V27E_STABLE\MDO_R55_REFERENCE_CANDIDATE_V27E_20260509_032316\r55_42some.g6	48	complement	a51f58da19b62699354d7077def62c2ebc4e14d45da60584da888852606dbc00	0	0	1142	1164	False	False	105	0.521	False	False	597	2.621	False	False	1689	7.123				phi 0,1,2 excluded
97	DELTA_GE_3_PROVED	C:\mcdo_ramsey_MASTER43\01_VALIDATION\MDO_R55_REFERENCE_CANDIDATE_V27E_STABLE\MDO_R55_REFERENCE_CANDIDATE_V27E_20260509_032316\r55_42some.g6	49	source	a7c8be3771bc7a09c8a2842a28d5b2d7567fb28673e698591c779c54dd6a17ec	0	0	1181	1131	False	False	129	0.635	False	False	705	3.067	False	False	1969	8.22				phi 0,1,2 excluded
98	DELTA_GE_3_PROVED	C:\mcdo_ramsey_MASTER43\01_VALIDATION\MDO_R55_REFERENCE_CANDIDATE_V27E_STABLE\MDO_R55_REFERENCE_CANDIDATE_V27E_20260509_032316\r55_42some.g6	49	complement	fe3eb6d36fe42fa268cf81182965adcd77260540b66c27eb3ea0bc0ce0d1559e	0	0	1131	1181	False	False	129	0.644	False	False	705	3.135	False	False	1969	8.35				phi 0,1,2 excluded
99	DELTA_GE_3_PROVED	C:\mcdo_ramsey_MASTER43\01_VALIDATION\MDO_R55_REFERENCE_CANDIDATE_V27E_STABLE\MDO_R55_REFERENCE_CANDIDATE_V27E_20260509_032316\r55_42some.g6	50	source	f88477d6aefd37459c83f628533489df92fe0a0098c8efa9cc1eb12c96c0e5c7	0	0	1148	1158	False	False	91	0.446	False	False	499	2.224	False	False	1625	6.865				phi 0,1,2 excluded
100	DELTA_GE_3_PROVED	C:\mcdo_ramsey_MASTER43\01_VALIDATION\MDO_R55_REFERENCE_CANDIDATE_V27E_STABLE\MDO_R55_REFERENCE_CANDIDATE_V27E_20260509_032316\r55_42some.g6	50	complement	093ba8b2131704325dc6e3cde80e4b9d7a8815693e2f8a4c6be7886bebc04a19	0	0	1158	1148	False	False	91	0.442	False	False	499	2.223	False	False	1625	6.874				phi 0,1,2 excluded
101	DELTA_GE_3_PROVED	C:\mcdo_ramsey_MASTER43\01_VALIDATION\MDO_R55_REFERENCE_CANDIDATE_V27E_STABLE\MDO_R55_REFERENCE_CANDIDATE_V27E_20260509_032316\r55_42some.g6	51	source	0eacfd815fb7cde2045a5d623c635932143631ff572c44e95d77c396ea6b69df	0	0	1161	1146	False	False	79	0.38	False	False	423	1.871	False	False	1271	5.426				phi 0,1,2 excluded
102	DELTA_GE_3_PROVED	C:\mcdo_ramsey_MASTER43\01_VALIDATION\MDO_R55_REFERENCE_CANDIDATE_V27E_STABLE\MDO_R55_REFERENCE_CANDIDATE_V27E_20260509_032316\r55_42some.g6	51	complement	1e4961b94bbdc36faa797d20751e05e2f500a8b6baff22c410ecfa7e87608859	0	0	1146	1161	False	False	79	0.386	False	False	423	1.887	False	False	1271	5.469				phi 0,1,2 excluded
103	DELTA_GE_3_PROVED	C:\mcdo_ramsey_MASTER43\01_VALIDATION\MDO_R55_REFERENCE_CANDIDATE_V27E_STABLE\MDO_R55_REFERENCE_CANDIDATE_V27E_20260509_032316\r55_42some.g6	52	source	c6c0edf1193b8c9696bd77b2897216a488d0e548d593c151842f72231353c163	0	0	1135	1169	False	False	89	0.438	False	False	475	2.069	False	False	1337	5.721				phi 0,1,2 excluded
104	DELTA_GE_3_PROVED	C:\mcdo_ramsey_MASTER43\01_VALIDATION\MDO_R55_REFERENCE_CANDIDATE_V27E_STABLE\MDO_R55_REFERENCE_CANDIDATE_V27E_20260509_032316\r55_42some.g6	52	complement	d31f043a4ed8ddc0e2cb14dcfdb1fa5168c8bb61f116124c010e284bfaff350a	0	0	1169	1135	False	False	89	0.441	False	False	475	2.097	False	False	1337	5.751				phi 0,1,2 excluded
105	DELTA_GE_3_PROVED	C:\mcdo_ramsey_MASTER43\01_VALIDATION\MDO_R55_REFERENCE_CANDIDATE_V27E_STABLE\MDO_R55_REFERENCE_CANDIDATE_V27E_20260509_032316\r55_42some.g6	53	source	377fb29b1eec4ed7997e906d7bd83745b1820c34da07bbb4f9768b77432cc0e1	0	0	1170	1142	False	False	65	0.318	False	False	337	1.533	False	False	1079	4.667				phi 0,1,2 excluded
106	DELTA_GE_3_PROVED	C:\mcdo_ramsey_MASTER43\01_VALIDATION\MDO_R55_REFERENCE_CANDIDATE_V27E_STABLE\MDO_R55_REFERENCE_CANDIDATE_V27E_20260509_032316\r55_42some.g6	53	complement	4289b8841e55a9b3cddaf8b65ad6aba02cc9254b40ab2fcb2671531ff7dde44b	0	0	1142	1170	False	False	65	0.331	False	False	337	1.564	False	False	1079	4.798				phi 0,1,2 excluded
107	DELTA_GE_3_PROVED	C:\mcdo_ramsey_MASTER43\01_VALIDATION\MDO_R55_REFERENCE_CANDIDATE_V27E_STABLE\MDO_R55_REFERENCE_CANDIDATE_V27E_20260509_032316\r55_42some.g6	54	source	853086e9b6de629807e67780626cfd6e5951af911fe4606bc9e49dbd98f8f054	0	0	1157	1152	False	False	69	0.348	False	False	391	1.755	False	False	1181	5.071				phi 0,1,2 excluded
108	DELTA_GE_3_PROVED	C:\mcdo_ramsey_MASTER43\01_VALIDATION\MDO_R55_REFERENCE_CANDIDATE_V27E_STABLE\MDO_R55_REFERENCE_CANDIDATE_V27E_20260509_032316\r55_42some.g6	54	complement	a731ce098d1f42d29882234956bf23dfea7ae780da73625655d5c7fe6bb52fc8	0	0	1152	1157	False	False	69	0.348	False	False	391	1.75	False	False	1181	5.122				phi 0,1,2 excluded
109	DELTA_GE_3_PROVED	C:\mcdo_ramsey_MASTER43\01_VALIDATION\MDO_R55_REFERENCE_CANDIDATE_V27E_STABLE\MDO_R55_REFERENCE_CANDIDATE_V27E_20260509_032316\r55_42some.g6	55	source	aacbc8b02b52397da2f0240252f62967f600211e86da2bc852f7df1e1da4a867	0	0	1174	1144	False	False	111	0.532	False	False	631	2.696	False	False	1527	6.412				phi 0,1,2 excluded
110	DELTA_GE_3_PROVED	C:\mcdo_ramsey_MASTER43\01_VALIDATION\MDO_R55_REFERENCE_CANDIDATE_V27E_STABLE\MDO_R55_REFERENCE_CANDIDATE_V27E_20260509_032316\r55_42some.g6	55	complement	a2d51de90807a8df9b11c7a7ce0038fc994963b23efd61cae2c26a638f01ff3c	0	0	1144	1174	False	False	111	0.542	False	False	631	2.722	False	False	1527	6.495				phi 0,1,2 excluded
111	DELTA_GE_3_PROVED	C:\mcdo_ramsey_MASTER43\01_VALIDATION\MDO_R55_REFERENCE_CANDIDATE_V27E_STABLE\MDO_R55_REFERENCE_CANDIDATE_V27E_20260509_032316\r55_42some.g6	56	source	c3f904f51460e420ad41215a216e6ac7b28f8600ca2c14b95ac2f9b5d22ef68b	0	0	1157	1155	False	False	89	0.433	False	False	491	2.16	False	False	1383	5.902				phi 0,1,2 excluded
112	DELTA_GE_3_PROVED	C:\mcdo_ramsey_MASTER43\01_VALIDATION\MDO_R55_REFERENCE_CANDIDATE_V27E_STABLE\MDO_R55_REFERENCE_CANDIDATE_V27E_20260509_032316\r55_42some.g6	56	complement	d6eb751353e88e4d38eb416269bb3d0685c12327a33d6bd8c49e5d1f6c5690b2	0	0	1155	1157	False	False	89	0.418	False	False	491	2.067	False	False	1383	5.73				phi 0,1,2 excluded
113	DELTA_GE_3_PROVED	C:\mcdo_ramsey_MASTER43\01_VALIDATION\MDO_R55_REFERENCE_CANDIDATE_V27E_STABLE\MDO_R55_REFERENCE_CANDIDATE_V27E_20260509_032316\r55_42some.g6	57	source	8a612d1112de19a522c2c28597da49a365e5104f72f61d05abb35b68a7b74ac8	0	0	1161	1154	False	False	117	0.539	False	False	625	2.566	False	False	1703	6.701				phi 0,1,2 excluded
114	DELTA_GE_3_PROVED	C:\mcdo_ramsey_MASTER43\01_VALIDATION\MDO_R55_REFERENCE_CANDIDATE_V27E_STABLE\MDO_R55_REFERENCE_CANDIDATE_V27E_20260509_032316\r55_42some.g6	57	complement	4a67f17cc4137801aeec44072c67ffefba5ebc240f1c42d7b0adfdc4d297fe21	0	0	1154	1161	False	False	117	0.544	False	False	625	2.589	False	False	1703	6.75				phi 0,1,2 excluded
115	DELTA_GE_3_PROVED	C:\mcdo_ramsey_MASTER43\01_VALIDATION\MDO_R55_REFERENCE_CANDIDATE_V27E_STABLE\MDO_R55_REFERENCE_CANDIDATE_V27E_20260509_032316\r55_42some.g6	58	source	c71ae7120c248aa8addd9a3fc293be87fbf69b5af7514c70d26c99c878a082ba	0	0	1144	1165	False	False	83	0.372	False	False	473	1.92	False	False	1347	5.317				phi 0,1,2 excluded
116	DELTA_GE_3_PROVED	C:\mcdo_ramsey_MASTER43\01_VALIDATION\MDO_R55_REFERENCE_CANDIDATE_V27E_STABLE\MDO_R55_REFERENCE_CANDIDATE_V27E_20260509_032316\r55_42some.g6	58	complement	b0d22e98a1ed8887aa3295617c9b2cae68c56f426dbe8af962463d505b54fdaa	0	0	1165	1144	False	False	83	0.377	False	False	473	1.944	False	False	1347	5.364				phi 0,1,2 excluded
117	DELTA_GE_3_PROVED	C:\mcdo_ramsey_MASTER43\01_VALIDATION\MDO_R55_REFERENCE_CANDIDATE_V27E_STABLE\MDO_R55_REFERENCE_CANDIDATE_V27E_20260509_032316\r55_42some.g6	59	source	f44cbfec98d3b046ec041450c5d60fbe1a158726a777f94d3d7bb45caef4bdd2	0	0	1170	1143	False	False	109	0.496	False	False	613	2.502	False	False	1633	6.464				phi 0,1,2 excluded
118	DELTA_GE_3_PROVED	C:\mcdo_ramsey_MASTER43\01_VALIDATION\MDO_R55_REFERENCE_CANDIDATE_V27E_STABLE\MDO_R55_REFERENCE_CANDIDATE_V27E_20260509_032316\r55_42some.g6	59	complement	191de149959a9b04bf7265063ec27ba00610ac17c97ce6fe0c965aa7958f7316	0	0	1143	1170	False	False	109	0.504	False	False	613	2.507	False	False	1633	6.443				phi 0,1,2 excluded
119	DELTA_GE_3_PROVED	C:\mcdo_ramsey_MASTER43\01_VALIDATION\MDO_R55_REFERENCE_CANDIDATE_V27E_STABLE\MDO_R55_REFERENCE_CANDIDATE_V27E_20260509_032316\r55_42some.g6	60	source	18d87a0b46d44fef97bb451e7af45de2cc2f89b78190ba6c110821621601ad7d	0	0	1157	1153	False	False	103	0.473	False	False	617	2.506	False	False	1717	6.701				phi 0,1,2 excluded
120	DELTA_GE_3_PROVED	C:\mcdo_ramsey_MASTER43\01_VALIDATION\MDO_R55_REFERENCE_CANDIDATE_V27E_STABLE\MDO_R55_REFERENCE_CANDIDATE_V27E_20260509_032316\r55_42some.g6	60	complement	9aa33575a155d0a6333b4577961f756b18ce96706686e672b9eda8e3a4746102	0	0	1153	1157	False	False	103	0.472	False	False	617	2.53	False	False	1717	6.767				phi 0,1,2 excluded
121	DELTA_GE_3_PROVED	C:\mcdo_ramsey_MASTER43\01_VALIDATION\MDO_R55_REFERENCE_CANDIDATE_V27E_STABLE\MDO_R55_REFERENCE_CANDIDATE_V27E_20260509_032316\r55_42some.g6	61	source	06044ab9667b70818b977728e6b12567bd632d85bde22e5689c9dfb00a9a70d6	0	0	1190	1122	False	False	127	0.577	False	False	673	2.739	False	False	1733	6.821				phi 0,1,2 excluded
122	DELTA_GE_3_PROVED	C:\mcdo_ramsey_MASTER43\01_VALIDATION\MDO_R55_REFERENCE_CANDIDATE_V27E_STABLE\MDO_R55_REFERENCE_CANDIDATE_V27E_20260509_032316\r55_42some.g6	61	complement	420afdae839a1ba68754243dec4e7d65fbf50bf32be7ab571bad7410a25432b4	0	0	1122	1190	False	False	127	0.587	False	False	673	2.76	False	False	1733	6.857				phi 0,1,2 excluded
123	DELTA_GE_3_PROVED	C:\mcdo_ramsey_MASTER43\01_VALIDATION\MDO_R55_REFERENCE_CANDIDATE_V27E_STABLE\MDO_R55_REFERENCE_CANDIDATE_V27E_20260509_032316\r55_42some.g6	62	source	87a4851a93917e3ee9e0e7ec8c4a0ecc928566167248fda57635320b72266575	0	0	1161	1148	False	False	85	0.395	False	False	433	1.832	False	False	1329	5.346				phi 0,1,2 excluded
124	DELTA_GE_3_PROVED	C:\mcdo_ramsey_MASTER43\01_VALIDATION\MDO_R55_REFERENCE_CANDIDATE_V27E_STABLE\MDO_R55_REFERENCE_CANDIDATE_V27E_20260509_032316\r55_42some.g6	62	complement	2799f5266e5a8371ecafa927f0212b4ca14283e53bd7e8be91b2d5cf4dc339d9	0	0	1148	1161	False	False	85	0.396	False	False	433	1.831	False	False	1329	5.348				phi 0,1,2 excluded
125	DELTA_GE_3_PROVED	C:\mcdo_ramsey_MASTER43\01_VALIDATION\MDO_R55_REFERENCE_CANDIDATE_V27E_STABLE\MDO_R55_REFERENCE_CANDIDATE_V27E_20260509_032316\r55_42some.g6	63	source	3599228f1717142f181ad50451c22e1d2386eb3b7f76c3298096f948b364bb9f	0	0	1183	1133	False	False	137	0.623	False	False	707	2.875	False	False	1855	7.279				phi 0,1,2 excluded
126	DELTA_GE_3_PROVED	C:\mcdo_ramsey_MASTER43\01_VALIDATION\MDO_R55_REFERENCE_CANDIDATE_V27E_STABLE\MDO_R55_REFERENCE_CANDIDATE_V27E_20260509_032316\r55_42some.g6	63	complement	be7836db3b2a11931ca0270869412d297fe3b32fe94ee5700ad322c3cfabe344	0	0	1133	1183	False	False	137	0.624	False	False	707	2.868	False	False	1855	7.245				phi 0,1,2 excluded
127	DELTA_GE_3_PROVED	C:\mcdo_ramsey_MASTER43\01_VALIDATION\MDO_R55_REFERENCE_CANDIDATE_V27E_STABLE\MDO_R55_REFERENCE_CANDIDATE_V27E_20260509_032316\r55_42some.g6	64	source	3c69dfd076f198f7c6a7d89deca1750b70b2ab8d2556e36f744f941515d3dc67	0	0	1170	1143	False	False	137	0.625	False	False	747	3.014	False	False	1869	7.282				phi 0,1,2 excluded
128	DELTA_GE_3_PROVED	C:\mcdo_ramsey_MASTER43\01_VALIDATION\MDO_R55_REFERENCE_CANDIDATE_V27E_STABLE\MDO_R55_REFERENCE_CANDIDATE_V27E_20260509_032316\r55_42some.g6	64	complement	66ce851a6d9e7b1aac20ae4c44fc34e0f884bf65be9ae485cef2adb70376f926	0	0	1143	1170	False	False	137	0.63	False	False	747	3.045	False	False	1869	7.38				phi 0,1,2 excluded
129	DELTA_GE_3_PROVED	C:\mcdo_ramsey_MASTER43\01_VALIDATION\MDO_R55_REFERENCE_CANDIDATE_V27E_STABLE\MDO_R55_REFERENCE_CANDIDATE_V27E_20260509_032316\r55_42some.g6	65	source	46ff79bc3381e88b18b823e92a9d48469cb353372acd8d9b0a21379b038f238f	0	0	1187	1132	False	False	115	0.532	False	False	615	2.529	False	False	1807	7.075				phi 0,1,2 excluded
130	DELTA_GE_3_PROVED	C:\mcdo_ramsey_MASTER43\01_VALIDATION\MDO_R55_REFERENCE_CANDIDATE_V27E_STABLE\MDO_R55_REFERENCE_CANDIDATE_V27E_20260509_032316\r55_42some.g6	65	complement	67b4252d066f907c20fdabb6a191317e95840c568760e7f2596904708ea20c4f	0	0	1132	1187	False	False	115	0.527	False	False	615	2.53	False	False	1807	7.09				phi 0,1,2 excluded
131	DELTA_GE_3_PROVED	C:\mcdo_ramsey_MASTER43\01_VALIDATION\MDO_R55_REFERENCE_CANDIDATE_V27E_STABLE\MDO_R55_REFERENCE_CANDIDATE_V27E_20260509_032316\r55_42some.g6	66	source	cfdfc8bbf910ec9cee445fd70d01af8a57b3e281db79f91ec56d2b51858ae2ef	0	0	1174	1142	False	False	115	0.528	False	False	613	2.53	False	False	1783	7.046				phi 0,1,2 excluded
132	DELTA_GE_3_PROVED	C:\mcdo_ramsey_MASTER43\01_VALIDATION\MDO_R55_REFERENCE_CANDIDATE_V27E_STABLE\MDO_R55_REFERENCE_CANDIDATE_V27E_20260509_032316\r55_42some.g6	66	complement	48c2d03b728d98b805e487317006d28e9d35871350eb2ab9454989ba2c0247cc	0	0	1142	1174	False	False	115	0.534	False	False	613	2.525	False	False	1783	7.037				phi 0,1,2 excluded
133	DELTA_GE_3_PROVED	C:\mcdo_ramsey_MASTER43\01_VALIDATION\MDO_R55_REFERENCE_CANDIDATE_V27E_STABLE\MDO_R55_REFERENCE_CANDIDATE_V27E_20260509_032316\r55_42some.g6	67	source	933edacf99c1c311e47baa826e04726c5140ac81249e3a801340a2cc08c9f859	0	0	1179	1128	False	False	89	0.415	False	False	461	1.929	False	False	1349	5.412				phi 0,1,2 excluded
134	DELTA_GE_3_PROVED	C:\mcdo_ramsey_MASTER43\01_VALIDATION\MDO_R55_REFERENCE_CANDIDATE_V27E_STABLE\MDO_R55_REFERENCE_CANDIDATE_V27E_20260509_032316\r55_42some.g6	67	complement	d15d736363f30d6d1862dd54221fa8cb4fd2f063435515bb8851caf8a8ff2c75	0	0	1128	1179	False	False	89	0.41	False	False	461	1.922	False	False	1349	5.416				phi 0,1,2 excluded
135	DELTA_GE_3_PROVED	C:\mcdo_ramsey_MASTER43\01_VALIDATION\MDO_R55_REFERENCE_CANDIDATE_V27E_STABLE\MDO_R55_REFERENCE_CANDIDATE_V27E_20260509_032316\r55_42some.g6	68	source	66f2eb3ab868141997b8c1ed3cd005b56aa5a4a164767fe850ed0f85115b879f	0	0	1196	1120	False	False	109	0.498	False	False	595	2.44	False	False	1639	6.461				phi 0,1,2 excluded
136	DELTA_GE_3_PROVED	C:\mcdo_ramsey_MASTER43\01_VALIDATION\MDO_R55_REFERENCE_CANDIDATE_V27E_STABLE\MDO_R55_REFERENCE_CANDIDATE_V27E_20260509_032316\r55_42some.g6	68	complement	c98da20b357645861a744e551db95429cc74ba9e87ed5efd08caaf4b99b77f47	0	0	1120	1196	False	False	109	0.5	False	False	595	2.44	False	False	1639	6.47				phi 0,1,2 excluded
137	DELTA_GE_3_PROVED	C:\mcdo_ramsey_MASTER43\01_VALIDATION\MDO_R55_REFERENCE_CANDIDATE_V27E_STABLE\MDO_R55_REFERENCE_CANDIDATE_V27E_20260509_032316\r55_42some.g6	69	source	78f7d4571986e1a41e0d5f6a3c45fffe6b08ff195a48b7972753a941674638b0	0	0	1166	1138	False	False	91	0.421	False	False	459	1.935	False	False	1363	5.505				phi 0,1,2 excluded
138	DELTA_GE_3_PROVED	C:\mcdo_ramsey_MASTER43\01_VALIDATION\MDO_R55_REFERENCE_CANDIDATE_V27E_STABLE\MDO_R55_REFERENCE_CANDIDATE_V27E_20260509_032316\r55_42some.g6	69	complement	7d0312d53374c0f8d71f6695e85d0a69cd034a87892ff65a869bb2d77e44aad8	0	0	1138	1166	False	False	91	0.418	False	False	459	1.945	False	False	1363	5.477				phi 0,1,2 excluded
139	DELTA_GE_3_PROVED	C:\mcdo_ramsey_MASTER43\01_VALIDATION\MDO_R55_REFERENCE_CANDIDATE_V27E_STABLE\MDO_R55_REFERENCE_CANDIDATE_V27E_20260509_032316\r55_42some.g6	70	source	950c64ab197ff6d35236904a12258b3f557a97b63c0fcb8777ad3b60e6962315	0	0	1183	1127	False	False	119	0.547	False	False	647	2.651	False	False	1867	7.273				phi 0,1,2 excluded
140	DELTA_GE_3_PROVED	C:\mcdo_ramsey_MASTER43\01_VALIDATION\MDO_R55_REFERENCE_CANDIDATE_V27E_STABLE\MDO_R55_REFERENCE_CANDIDATE_V27E_20260509_032316\r55_42some.g6	70	complement	8ff7d3e4a03731dbaba7bb640f78ebd0c9a03beb76a1b15461d6d6392e2fd21a	0	0	1127	1183	False	False	119	0.546	False	False	647	2.645	False	False	1867	7.329				phi 0,1,2 excluded
141	DELTA_GE_3_PROVED	C:\mcdo_ramsey_MASTER43\01_VALIDATION\MDO_R55_REFERENCE_CANDIDATE_V27E_STABLE\MDO_R55_REFERENCE_CANDIDATE_V27E_20260509_032316\r55_42some.g6	71	source	3ce79d920ffc4481b5c8d6e12e76db676000cc7489245b091c1ff31f75780b90	0	0	1166	1136	False	False	75	0.344	False	False	457	1.872	False	False	1395	5.485				phi 0,1,2 excluded
142	DELTA_GE_3_PROVED	C:\mcdo_ramsey_MASTER43\01_VALIDATION\MDO_R55_REFERENCE_CANDIDATE_V27E_STABLE\MDO_R55_REFERENCE_CANDIDATE_V27E_20260509_032316\r55_42some.g6	71	complement	c0a21ebefe3f5222e7608611967f1eb381102d5a95e6fcb31cd43992076a45a0	0	0	1136	1166	False	False	75	0.344	False	False	457	1.887	False	False	1395	5.508				phi 0,1,2 excluded
143	DELTA_GE_3_PROVED	C:\mcdo_ramsey_MASTER43\01_VALIDATION\MDO_R55_REFERENCE_CANDIDATE_V27E_STABLE\MDO_R55_REFERENCE_CANDIDATE_V27E_20260509_032316\r55_42some.g6	72	source	1aec86fee29a84692d2cd2ca18174335246e473f192eb16e75d7f43395e493ec	0	0	1153	1149	False	False	91	0.411	False	False	503	2.064	False	False	1557	6.101				phi 0,1,2 excluded
144	DELTA_GE_3_PROVED	C:\mcdo_ramsey_MASTER43\01_VALIDATION\MDO_R55_REFERENCE_CANDIDATE_V27E_STABLE\MDO_R55_REFERENCE_CANDIDATE_V27E_20260509_032316\r55_42some.g6	72	complement	f98388697e88af044ef1d03cb2ad9b70a17657ea84bae890a826685657fe0530	0	0	1149	1153	False	False	91	0.416	False	False	503	2.089	False	False	1557	6.185				phi 0,1,2 excluded
145	DELTA_GE_3_PROVED	C:\mcdo_ramsey_MASTER43\01_VALIDATION\MDO_R55_REFERENCE_CANDIDATE_V27E_STABLE\MDO_R55_REFERENCE_CANDIDATE_V27E_20260509_032316\r55_42some.g6	73	source	75cd9f440631bedc293077757c3e70306fa626ecd7c56b8b199e8fdc4e730d25	0	0	1170	1138	False	False	137	0.611	False	False	711	2.857	False	False	1909	7.408				phi 0,1,2 excluded
146	DELTA_GE_3_PROVED	C:\mcdo_ramsey_MASTER43\01_VALIDATION\MDO_R55_REFERENCE_CANDIDATE_V27E_STABLE\MDO_R55_REFERENCE_CANDIDATE_V27E_20260509_032316\r55_42some.g6	73	complement	36357d4f0dba2fd3bad8446fc7daa9db61f8ed0c8170fafbb76c479fa54d4bfb	0	0	1138	1170	False	False	137	0.632	False	False	711	2.935	False	False	1909	7.577				phi 0,1,2 excluded
147	DELTA_GE_3_PROVED	C:\mcdo_ramsey_MASTER43\01_VALIDATION\MDO_R55_REFERENCE_CANDIDATE_V27E_STABLE\MDO_R55_REFERENCE_CANDIDATE_V27E_20260509_032316\r55_42some.g6	74	source	d2d2916d103c7abdbddb0b287abc11e78c3193a2803b3799eed44a5e6780e742	0	0	1187	1134	False	False	77	0.363	False	False	419	1.746	False	False	1203	4.877				phi 0,1,2 excluded
148	DELTA_GE_3_PROVED	C:\mcdo_ramsey_MASTER43\01_VALIDATION\MDO_R55_REFERENCE_CANDIDATE_V27E_STABLE\MDO_R55_REFERENCE_CANDIDATE_V27E_20260509_032316\r55_42some.g6	74	complement	0536f96c88bb465478720a2fd55832f96b730d3e4af5f9167c35ce1f0cf15955	0	0	1134	1187	False	False	77	0.36	False	False	419	1.742	False	False	1203	4.846				phi 0,1,2 excluded
149	DELTA_GE_3_PROVED	C:\mcdo_ramsey_MASTER43\01_VALIDATION\MDO_R55_REFERENCE_CANDIDATE_V27E_STABLE\MDO_R55_REFERENCE_CANDIDATE_V27E_20260509_032316\r55_42some.g6	75	source	241b0263f566fcd9c8b01e95a28b847421ce20318a2fe254a40ff1fae0623e31	0	0	1200	1125	False	False	71	0.332	False	False	403	1.7	False	False	1305	5.159				phi 0,1,2 excluded
150	DELTA_GE_3_PROVED	C:\mcdo_ramsey_MASTER43\01_VALIDATION\MDO_R55_REFERENCE_CANDIDATE_V27E_STABLE\MDO_R55_REFERENCE_CANDIDATE_V27E_20260509_032316\r55_42some.g6	75	complement	1938696d73e9c07edc06d850b54c7b68b20c5aa19342ec9a7c9ed4607f03a449	0	0	1125	1200	False	False	71	0.338	False	False	403	1.699	False	False	1305	5.166				phi 0,1,2 excluded
151	DELTA_GE_3_PROVED	C:\mcdo_ramsey_MASTER43\01_VALIDATION\MDO_R55_REFERENCE_CANDIDATE_V27E_STABLE\MDO_R55_REFERENCE_CANDIDATE_V27E_20260509_032316\r55_42some.g6	76	source	f697f810ba402fd2695a6c68f890405d04bf1ce303a0bac449da76cf4ab037de	0	0	1187	1135	False	False	75	0.348	False	False	381	1.626	False	False	1271	5.088				phi 0,1,2 excluded
152	DELTA_GE_3_PROVED	C:\mcdo_ramsey_MASTER43\01_VALIDATION\MDO_R55_REFERENCE_CANDIDATE_V27E_STABLE\MDO_R55_REFERENCE_CANDIDATE_V27E_20260509_032316\r55_42some.g6	76	complement	18c8a67610e8ed81dd7185365e79534d598c16d0a0b968c47837dca6e717cde1	0	0	1135	1187	False	False	75	0.354	False	False	381	1.625	False	False	1271	5.096				phi 0,1,2 excluded
153	DELTA_GE_3_PROVED	C:\mcdo_ramsey_MASTER43\01_VALIDATION\MDO_R55_REFERENCE_CANDIDATE_V27E_STABLE\MDO_R55_REFERENCE_CANDIDATE_V27E_20260509_032316\r55_42some.g6	77	source	4f636033e5817f8ba1e9c236fa1ffb8a21b3dc93ec451baeb7d7986dc845a602	0	0	1174	1144	False	False	87	0.401	False	False	421	1.794	False	False	1383	5.525				phi 0,1,2 excluded
154	DELTA_GE_3_PROVED	C:\mcdo_ramsey_MASTER43\01_VALIDATION\MDO_R55_REFERENCE_CANDIDATE_V27E_STABLE\MDO_R55_REFERENCE_CANDIDATE_V27E_20260509_032316\r55_42some.g6	77	complement	a7b745dd7008f17831d103d5708336b8283e8a301813b66c9311d7ee58cdac4f	0	0	1144	1174	False	False	87	0.401	False	False	421	1.791	False	False	1383	5.553				phi 0,1,2 excluded
155	DELTA_GE_3_PROVED	C:\mcdo_ramsey_MASTER43\01_VALIDATION\MDO_R55_REFERENCE_CANDIDATE_V27E_STABLE\MDO_R55_REFERENCE_CANDIDATE_V27E_20260509_032316\r55_42some.g6	78	source	7f5fb17ebbf912cbc2feebdcb710389ee805485af2324e6f4b8901cf639e9fc4	0	0	1131	1170	False	False	67	0.31	False	False	357	1.548	False	False	1157	4.731				phi 0,1,2 excluded
156	DELTA_GE_3_PROVED	C:\mcdo_ramsey_MASTER43\01_VALIDATION\MDO_R55_REFERENCE_CANDIDATE_V27E_STABLE\MDO_R55_REFERENCE_CANDIDATE_V27E_20260509_032316\r55_42some.g6	78	complement	f947ab3283756a5bebe4bf436e7df359191064e309ece3ef242b69524aa5ee52	0	0	1170	1131	False	False	67	0.312	False	False	357	1.537	False	False	1157	4.71				phi 0,1,2 excluded
157	DELTA_GE_3_PROVED	C:\mcdo_ramsey_MASTER43\01_VALIDATION\MDO_R55_REFERENCE_CANDIDATE_V27E_STABLE\MDO_R55_REFERENCE_CANDIDATE_V27E_20260509_032316\r55_42some.g6	79	source	b1b0db177ca768048fb317abc0a0623c0460d7ac806f1f28ff11403576923714	0	0	1144	1156	False	False	67	0.299	False	False	359	1.495	False	False	1161	4.644				phi 0,1,2 excluded
158	DELTA_GE_3_PROVED	C:\mcdo_ramsey_MASTER43\01_VALIDATION\MDO_R55_REFERENCE_CANDIDATE_V27E_STABLE\MDO_R55_REFERENCE_CANDIDATE_V27E_20260509_032316\r55_42some.g6	79	complement	54936d53bb69a9df34eabc4e4a6fb6f823b6692b03e5db4eade157b918b81666	0	0	1156	1144	False	False	67	0.304	False	False	359	1.505	False	False	1161	4.629				phi 0,1,2 excluded
159	DELTA_GE_3_PROVED	C:\mcdo_ramsey_MASTER43\01_VALIDATION\MDO_R55_REFERENCE_CANDIDATE_V27E_STABLE\MDO_R55_REFERENCE_CANDIDATE_V27E_20260509_032316\r55_42some.g6	80	source	916d63255503734097c17e2d83f5ae6784583f6fba9376ee13a03c926d8a0503	0	0	1157	1143	False	False	87	0.384	False	False	461	1.856	False	False	1337	5.232				phi 0,1,2 excluded
160	DELTA_GE_3_PROVED	C:\mcdo_ramsey_MASTER43\01_VALIDATION\MDO_R55_REFERENCE_CANDIDATE_V27E_STABLE\MDO_R55_REFERENCE_CANDIDATE_V27E_20260509_032316\r55_42some.g6	80	complement	809164f8c473924d68d257737d214daf14075c2d4fe3a8fe39dc9f583972b845	0	0	1143	1157	False	False	87	0.384	False	False	461	1.875	False	False	1337	5.267				phi 0,1,2 excluded
161	DELTA_GE_3_PROVED	C:\mcdo_ramsey_MASTER43\01_VALIDATION\MDO_R55_REFERENCE_CANDIDATE_V27E_STABLE\MDO_R55_REFERENCE_CANDIDATE_V27E_20260509_032316\r55_42some.g6	81	source	88fab32e2374a4bfeec8c7a9630c9e82b0e13539262161b42114b87c03d98d47	0	0	1170	1136	False	False	81	0.368	False	False	407	1.676	False	False	1245	4.961				phi 0,1,2 excluded
162	DELTA_GE_3_PROVED	C:\mcdo_ramsey_MASTER43\01_VALIDATION\MDO_R55_REFERENCE_CANDIDATE_V27E_STABLE\MDO_R55_REFERENCE_CANDIDATE_V27E_20260509_032316\r55_42some.g6	81	complement	d817b707e2aab0ae82b7303af9d41f04b3b05f871f434ef8fbe448025f1c0e2e	0	0	1136	1170	False	False	81	0.369	False	False	407	1.695	False	False	1245	4.985				phi 0,1,2 excluded
163	DELTA_GE_3_PROVED	C:\mcdo_ramsey_MASTER43\01_VALIDATION\MDO_R55_REFERENCE_CANDIDATE_V27E_STABLE\MDO_R55_REFERENCE_CANDIDATE_V27E_20260509_032316\r55_42some.g6	82	source	ad782e39dbff80fa2fdc4ffba3a398b92804aa74cb27407cca916779d563cbc2	0	0	1158	1159	False	False	95	0.44	False	False	499	2.078	False	False	1429	5.724				phi 0,1,2 excluded
164	DELTA_GE_3_PROVED	C:\mcdo_ramsey_MASTER43\01_VALIDATION\MDO_R55_REFERENCE_CANDIDATE_V27E_STABLE\MDO_R55_REFERENCE_CANDIDATE_V27E_20260509_032316\r55_42some.g6	82	complement	f2696057b86cf7eee5237274625fac003d56ac635621c17587a4ebcf5b7ad3f8	0	0	1159	1158	False	False	95	0.44	False	False	499	2.08	False	False	1429	5.74				phi 0,1,2 excluded
165	DELTA_GE_3_PROVED	C:\mcdo_ramsey_MASTER43\01_VALIDATION\MDO_R55_REFERENCE_CANDIDATE_V27E_STABLE\MDO_R55_REFERENCE_CANDIDATE_V27E_20260509_032316\r55_42some.g6	83	source	fd86eb1084798aecc25a53389de111dc95292a364da6e65754673127eb963a98	0	0	1171	1150	False	False	85	0.399	False	False	453	1.936	False	False	1281	5.277				phi 0,1,2 excluded
166	DELTA_GE_3_PROVED	C:\mcdo_ramsey_MASTER43\01_VALIDATION\MDO_R55_REFERENCE_CANDIDATE_V27E_STABLE\MDO_R55_REFERENCE_CANDIDATE_V27E_20260509_032316\r55_42some.g6	83	complement	6dfd6a022c97958632f0a991cdb6aa176d0b7b3a38399a350691059b82394d0f	0	0	1150	1171	False	False	85	0.398	False	False	453	1.918	False	False	1281	5.205				phi 0,1,2 excluded
167	DELTA_GE_3_PROVED	C:\mcdo_ramsey_MASTER43\01_VALIDATION\MDO_R55_REFERENCE_CANDIDATE_V27E_STABLE\MDO_R55_REFERENCE_CANDIDATE_V27E_20260509_032316\r55_42some.g6	84	source	f9667863c3342e76f63072f696f1edf2a227252cb859c75288cf096fd95b715c	0	0	1171	1149	False	False	63	0.291	False	False	349	1.471	False	False	989	4.067				phi 0,1,2 excluded
168	DELTA_GE_3_PROVED	C:\mcdo_ramsey_MASTER43\01_VALIDATION\MDO_R55_REFERENCE_CANDIDATE_V27E_STABLE\MDO_R55_REFERENCE_CANDIDATE_V27E_20260509_032316\r55_42some.g6	84	complement	bc2a17b923263280ada520e68f29121fa3af71f94218696f955c476a22d06c7d	0	0	1149	1171	False	False	63	0.294	False	False	349	1.474	False	False	989	4.077				phi 0,1,2 excluded
169	DELTA_GE_3_PROVED	C:\mcdo_ramsey_MASTER43\01_VALIDATION\MDO_R55_REFERENCE_CANDIDATE_V27E_STABLE\MDO_R55_REFERENCE_CANDIDATE_V27E_20260509_032316\r55_42some.g6	85	source	8c915689771d533387383f46fd383f264ade83a4fc9fc1c5bbf9cb60ca171fa6	0	0	1184	1140	False	False	73	0.342	False	False	385	1.638	False	False	1231	4.961				phi 0,1,2 excluded
170	DELTA_GE_3_PROVED	C:\mcdo_ramsey_MASTER43\01_VALIDATION\MDO_R55_REFERENCE_CANDIDATE_V27E_STABLE\MDO_R55_REFERENCE_CANDIDATE_V27E_20260509_032316\r55_42some.g6	85	complement	910884086fc5a76cc7f7ac3ec72b629bc44ee0283fbc6aea4dba7610b890ad86	0	0	1140	1184	False	False	73	0.344	False	False	385	1.645	False	False	1231	4.968				phi 0,1,2 excluded
171	DELTA_GE_3_PROVED	C:\mcdo_ramsey_MASTER43\01_VALIDATION\MDO_R55_REFERENCE_CANDIDATE_V27E_STABLE\MDO_R55_REFERENCE_CANDIDATE_V27E_20260509_032316\r55_42some.g6	86	source	d77eb45e8b3e811ecfa98272f61080feae03b399f19c118ba2f3e6094a4aabb4	0	0	1157	1146	False	False	99	0.444	False	False	523	2.134	False	False	1499	5.922				phi 0,1,2 excluded
172	DELTA_GE_3_PROVED	C:\mcdo_ramsey_MASTER43\01_VALIDATION\MDO_R55_REFERENCE_CANDIDATE_V27E_STABLE\MDO_R55_REFERENCE_CANDIDATE_V27E_20260509_032316\r55_42some.g6	86	complement	845fc848ccdb9879f4f36db300a433a5ca8b59d3ac2d08cdd3e08b53734b2735	0	0	1146	1157	False	False	99	0.452	False	False	523	2.179	False	False	1499	6.05				phi 0,1,2 excluded
173	DELTA_GE_3_PROVED	C:\mcdo_ramsey_MASTER43\01_VALIDATION\MDO_R55_REFERENCE_CANDIDATE_V27E_STABLE\MDO_R55_REFERENCE_CANDIDATE_V27E_20260509_032316\r55_42some.g6	87	source	e6bf5b55aa54758315f26c1a1453672076c9cdcd8691c98b07c70b8417e699a8	0	0	1144	1156	False	False	73	0.333	False	False	385	1.593	False	False	1199	4.759				phi 0,1,2 excluded
174	DELTA_GE_3_PROVED	C:\mcdo_ramsey_MASTER43\01_VALIDATION\MDO_R55_REFERENCE_CANDIDATE_V27E_STABLE\MDO_R55_REFERENCE_CANDIDATE_V27E_20260509_032316\r55_42some.g6	87	complement	c10b5a592abfdafb2d825b18b5b7bf2e0758c01eb4b03d4688ddbe137acaa51d	0	0	1156	1144	False	False	73	0.337	False	False	385	1.623	False	False	1199	4.849				phi 0,1,2 excluded
175	DELTA_GE_3_PROVED	C:\mcdo_ramsey_MASTER43\01_VALIDATION\MDO_R55_REFERENCE_CANDIDATE_V27E_STABLE\MDO_R55_REFERENCE_CANDIDATE_V27E_20260509_032316\r55_42some.g6	88	source	1d9e9c80aa12fe9c4e9b3f1b1a42a85585ef44d8f24b57063a2745b588e6f579	0	0	1173	1124	False	False	75	0.341	False	False	453	1.848	False	False	1373	5.402				phi 0,1,2 excluded
176	DELTA_GE_3_PROVED	C:\mcdo_ramsey_MASTER43\01_VALIDATION\MDO_R55_REFERENCE_CANDIDATE_V27E_STABLE\MDO_R55_REFERENCE_CANDIDATE_V27E_20260509_032316\r55_42some.g6	88	complement	fe535c6d54c3c84a39bb04450dda7cc5d52d480025803f4233935422f59ef56e	0	0	1124	1173	False	False	75	0.342	False	False	453	1.855	False	False	1373	5.421				phi 0,1,2 excluded
177	DELTA_GE_3_PROVED	C:\mcdo_ramsey_MASTER43\01_VALIDATION\MDO_R55_REFERENCE_CANDIDATE_V27E_STABLE\MDO_R55_REFERENCE_CANDIDATE_V27E_20260509_032316\r55_42some.g6	89	source	5cb66a2909d85c129881bdd3f890f70893efc513ca2c29b1fd472eac8dcb3ac7	0	0	1190	1116	False	False	115	0.52	False	False	613	2.486	False	False	1663	6.486				phi 0,1,2 excluded
178	DELTA_GE_3_PROVED	C:\mcdo_ramsey_MASTER43\01_VALIDATION\MDO_R55_REFERENCE_CANDIDATE_V27E_STABLE\MDO_R55_REFERENCE_CANDIDATE_V27E_20260509_032316\r55_42some.g6	89	complement	68549dfa52dbba2c118877984c2fdf3b565669cdce3aec52b4f537e71e39f6aa	0	0	1116	1190	False	False	115	0.521	False	False	613	2.503	False	False	1663	6.548				phi 0,1,2 excluded
179	DELTA_GE_3_PROVED	C:\mcdo_ramsey_MASTER43\01_VALIDATION\MDO_R55_REFERENCE_CANDIDATE_V27E_STABLE\MDO_R55_REFERENCE_CANDIDATE_V27E_20260509_032316\r55_42some.g6	90	source	6a469fffd82c8fd8b3629105f1124c8389925aae0ef692a516d9149552cab98d	0	0	1171	1130	False	False	85	0.39	False	False	455	1.88	False	False	1405	5.562				phi 0,1,2 excluded
180	DELTA_GE_3_PROVED	C:\mcdo_ramsey_MASTER43\01_VALIDATION\MDO_R55_REFERENCE_CANDIDATE_V27E_STABLE\MDO_R55_REFERENCE_CANDIDATE_V27E_20260509_032316\r55_42some.g6	90	complement	0925b9395794928a77274263956716a4414b403d0680e0bf53fd5c5a8d973a3a	0	0	1130	1171	False	False	85	0.391	False	False	455	1.9	False	False	1405	5.589				phi 0,1,2 excluded
181	DELTA_GE_3_PROVED	C:\mcdo_ramsey_MASTER43\01_VALIDATION\MDO_R55_REFERENCE_CANDIDATE_V27E_STABLE\MDO_R55_REFERENCE_CANDIDATE_V27E_20260509_032316\r55_42some.g6	91	source	fa8cf89f085724ea420530a7a14f3e089160d70e1222405e65dcd8e2ea329a84	0	0	1203	1109	False	False	115	0.523	False	False	611	2.499	False	False	1669	6.563				phi 0,1,2 excluded
182	DELTA_GE_3_PROVED	C:\mcdo_ramsey_MASTER43\01_VALIDATION\MDO_R55_REFERENCE_CANDIDATE_V27E_STABLE\MDO_R55_REFERENCE_CANDIDATE_V27E_20260509_032316\r55_42some.g6	91	complement	504de1717f2cb55aae0c8fac45a8d4d3ba3bbcd97a201f74b493e1973522e362	0	0	1109	1203	False	False	115	0.524	False	False	611	2.538	False	False	1669	6.619				phi 0,1,2 excluded
183	DELTA_GE_3_PROVED	C:\mcdo_ramsey_MASTER43\01_VALIDATION\MDO_R55_REFERENCE_CANDIDATE_V27E_STABLE\MDO_R55_REFERENCE_CANDIDATE_V27E_20260509_032316\r55_42some.g6	92	source	78048a987091c3a77b8f9d50f6bab8230f78a948e6f9b308f4225838bb44b0f9	0	0	1203	1106	False	False	141	0.629	False	False	743	2.981	False	False	1819	7.111				phi 0,1,2 excluded
184	DELTA_GE_3_PROVED	C:\mcdo_ramsey_MASTER43\01_VALIDATION\MDO_R55_REFERENCE_CANDIDATE_V27E_STABLE\MDO_R55_REFERENCE_CANDIDATE_V27E_20260509_032316\r55_42some.g6	92	complement	f26f53a2c2e8c74ed306c9033df6b0239756d8cb691cd959d6da74d5da588cac	0	0	1106	1203	False	False	141	0.642	False	False	743	3.018	False	False	1819	7.159				phi 0,1,2 excluded
185	DELTA_GE_3_PROVED	C:\mcdo_ramsey_MASTER43\01_VALIDATION\MDO_R55_REFERENCE_CANDIDATE_V27E_STABLE\MDO_R55_REFERENCE_CANDIDATE_V27E_20260509_032316\r55_42some.g6	93	source	042f3e38d430c8f4cc80d4017c2ff4952dfc8c6d749eef225ea7e759a83618a3	0	0	1145	1154	False	False	71	0.316	False	False	397	1.634	False	False	1295	5.083				phi 0,1,2 excluded
186	DELTA_GE_3_PROVED	C:\mcdo_ramsey_MASTER43\01_VALIDATION\MDO_R55_REFERENCE_CANDIDATE_V27E_STABLE\MDO_R55_REFERENCE_CANDIDATE_V27E_20260509_032316\r55_42some.g6	93	complement	a4e9de054ac4629c82d28bfd44a9d653aa855e10f1fbe3a225e2ef2b1c1de027	0	0	1154	1145	False	False	71	0.317	False	False	397	1.653	False	False	1295	5.112				phi 0,1,2 excluded
187	DELTA_GE_3_PROVED	C:\mcdo_ramsey_MASTER43\01_VALIDATION\MDO_R55_REFERENCE_CANDIDATE_V27E_STABLE\MDO_R55_REFERENCE_CANDIDATE_V27E_20260509_032316\r55_42some.g6	94	source	62eadf10a3bae85fc374569699c907ee7cfd21288429fd80d0d339703fddc792	0	0	1171	1127	False	False	83	0.369	False	False	495	1.995	False	False	1465	5.683				phi 0,1,2 excluded
188	DELTA_GE_3_PROVED	C:\mcdo_ramsey_MASTER43\01_VALIDATION\MDO_R55_REFERENCE_CANDIDATE_V27E_STABLE\MDO_R55_REFERENCE_CANDIDATE_V27E_20260509_032316\r55_42some.g6	94	complement	a62c84ea16f60fcfc4d0ff8ac9f06431cb06d12e72ef8901113b54fa89441a12	0	0	1127	1171	False	False	83	0.376	False	False	495	2.011	False	False	1465	5.721				phi 0,1,2 excluded
189	DELTA_GE_3_PROVED	C:\mcdo_ramsey_MASTER43\01_VALIDATION\MDO_R55_REFERENCE_CANDIDATE_V27E_STABLE\MDO_R55_REFERENCE_CANDIDATE_V27E_20260509_032316\r55_42some.g6	95	source	b2b4cfa4383fc449e9656370585bc0c5532838efd3faa563d715735793537286	0	0	1184	1120	False	False	89	0.409	False	False	467	1.934	False	False	1413	5.602				phi 0,1,2 excluded
190	DELTA_GE_3_PROVED	C:\mcdo_ramsey_MASTER43\01_VALIDATION\MDO_R55_REFERENCE_CANDIDATE_V27E_STABLE\MDO_R55_REFERENCE_CANDIDATE_V27E_20260509_032316\r55_42some.g6	95	complement	8e9eed3ec245405e15667eefd1d19b1b073d69313d82d0b1e69d68e032a6dcb0	0	0	1120	1184	False	False	89	0.415	False	False	467	1.951	False	False	1413	5.673				phi 0,1,2 excluded
191	DELTA_GE_3_PROVED	C:\mcdo_ramsey_MASTER43\01_VALIDATION\MDO_R55_REFERENCE_CANDIDATE_V27E_STABLE\MDO_R55_REFERENCE_CANDIDATE_V27E_20260509_032316\r55_42some.g6	96	source	1d7f0cc7cc0cd7e01d9422bdef258b113a46d56725ec5b1cb4bd197ab3b10cb6	0	0	1158	1140	False	False	77	0.357	False	False	415	1.729	False	False	1291	5.156				phi 0,1,2 excluded
192	DELTA_GE_3_PROVED	C:\mcdo_ramsey_MASTER43\01_VALIDATION\MDO_R55_REFERENCE_CANDIDATE_V27E_STABLE\MDO_R55_REFERENCE_CANDIDATE_V27E_20260509_032316\r55_42some.g6	96	complement	41759c18789d62e9ae5db672cc5c2627d37af9b0045af35e76c18e03264b86bf	0	0	1140	1158	False	False	77	0.356	False	False	415	1.735	False	False	1291	5.138				phi 0,1,2 excluded
193	DELTA_GE_3_PROVED	C:\mcdo_ramsey_MASTER43\01_VALIDATION\MDO_R55_REFERENCE_CANDIDATE_V27E_STABLE\MDO_R55_REFERENCE_CANDIDATE_V27E_20260509_032316\r55_42some.g6	97	source	d85f8f234cff831ec286b649fa53fa236a781c039a2cef6a3dbafbcdc928699c	0	0	1192	1118	False	False	67	0.312	False	False	343	1.464	False	False	1125	4.562				phi 0,1,2 excluded
194	DELTA_GE_3_PROVED	C:\mcdo_ramsey_MASTER43\01_VALIDATION\MDO_R55_REFERENCE_CANDIDATE_V27E_STABLE\MDO_R55_REFERENCE_CANDIDATE_V27E_20260509_032316\r55_42some.g6	97	complement	df9041d7d53e8db4759c7c103730ac506910a6d59912c8ef14db2ee4cf8ba277	0	0	1118	1192	False	False	67	0.309	False	False	343	1.464	False	False	1125	4.565				phi 0,1,2 excluded
195	DELTA_GE_3_PROVED	C:\mcdo_ramsey_MASTER43\01_VALIDATION\MDO_R55_REFERENCE_CANDIDATE_V27E_STABLE\MDO_R55_REFERENCE_CANDIDATE_V27E_20260509_032316\r55_42some.g6	98	source	1b7f972561a2ed022a897e556c2cd61be64f7359f929f5b207e6ca1bf832c4ae	0	0	1209	1110	False	False	131	0.586	False	False	671	2.748	False	False	1779	7.008				phi 0,1,2 excluded
196	DELTA_GE_3_PROVED	C:\mcdo_ramsey_MASTER43\01_VALIDATION\MDO_R55_REFERENCE_CANDIDATE_V27E_STABLE\MDO_R55_REFERENCE_CANDIDATE_V27E_20260509_032316\r55_42some.g6	98	complement	471d56a1fd07809cc9ac852598765f0f80f820ed75b296d35a17548a8e06cb71	0	0	1110	1209	False	False	131	0.596	False	False	671	2.768	False	False	1779	7.073				phi 0,1,2 excluded
197	DELTA_GE_3_PROVED	C:\mcdo_ramsey_MASTER43\01_VALIDATION\MDO_R55_REFERENCE_CANDIDATE_V27E_STABLE\MDO_R55_REFERENCE_CANDIDATE_V27E_20260509_032316\r55_42some.g6	99	source	1f5c4349d09fe67f735c2320a16402dd9f8e44eb219a2a7176e3ae5436b039f6	0	0	1180	1133	False	False	73	0.336	False	False	403	1.701	False	False	1135	4.634				phi 0,1,2 excluded
198	DELTA_GE_3_PROVED	C:\mcdo_ramsey_MASTER43\01_VALIDATION\MDO_R55_REFERENCE_CANDIDATE_V27E_STABLE\MDO_R55_REFERENCE_CANDIDATE_V27E_20260509_032316\r55_42some.g6	99	complement	bfb003c74e0ea48bbbdb2c526d99ec5d1ffedd0e7da75cfdb3e9a5173dbe33ae	0	0	1133	1180	False	False	73	0.34	False	False	403	1.719	False	False	1135	4.654				phi 0,1,2 excluded
199	DELTA_GE_3_PROVED	C:\mcdo_ramsey_MASTER43\01_VALIDATION\MDO_R55_REFERENCE_CANDIDATE_V27E_STABLE\MDO_R55_REFERENCE_CANDIDATE_V27E_20260509_032316\r55_42some.g6	100	source	b4c870a9397b1486d86e7fa043fa9cbb91bb85adf2d7f407fc885e024e241112	0	0	1167	1143	False	False	111	0.503	False	False	555	2.31	False	False	1503	6.002				phi 0,1,2 excluded
200	DELTA_GE_3_PROVED	C:\mcdo_ramsey_MASTER43\01_VALIDATION\MDO_R55_REFERENCE_CANDIDATE_V27E_STABLE\MDO_R55_REFERENCE_CANDIDATE_V27E_20260509_032316\r55_42some.g6	100	complement	f684c1fe77ea6103cf7adba216ac94294c6120912d569927b3988261f8e69dde	0	0	1143	1167	False	False	111	0.506	False	False	555	2.303	False	False	1503	6.019				phi 0,1,2 excluded
201	DELTA_GE_3_PROVED	C:\mcdo_ramsey_MASTER43\01_VALIDATION\MDO_R55_REFERENCE_CANDIDATE_V27E_STABLE\MDO_R55_REFERENCE_CANDIDATE_V27E_20260509_032316\r55_42some.g6	101	source	948df35fb44be74e10f9a6267df5a4b047337406e8df4510f6903ef29c422b8d	0	0	1200	1114	False	False	73	0.334	False	False	405	1.699	False	False	1137	4.621				phi 0,1,2 excluded
202	DELTA_GE_3_PROVED	C:\mcdo_ramsey_MASTER43\01_VALIDATION\MDO_R55_REFERENCE_CANDIDATE_V27E_STABLE\MDO_R55_REFERENCE_CANDIDATE_V27E_20260509_032316\r55_42some.g6	101	complement	a9458dc2f60fc5a3132b3fac1b15d948b490392db8b1195e2b7d6e1ca09c77ae	0	0	1114	1200	False	False	73	0.34	False	False	405	1.696	False	False	1137	4.618				phi 0,1,2 excluded
203	DELTA_GE_3_PROVED	C:\mcdo_ramsey_MASTER43\01_VALIDATION\MDO_R55_REFERENCE_CANDIDATE_V27E_STABLE\MDO_R55_REFERENCE_CANDIDATE_V27E_20260509_032316\r55_42some.g6	102	source	5d02da141ca0de2f897f81f6638b0cb8ee21b6e75b470aa4b8ce3a586fa435b0	0	0	1174	1131	False	False	111	0.501	False	False	555	2.286	False	False	1497	5.953				phi 0,1,2 excluded
204	DELTA_GE_3_PROVED	C:\mcdo_ramsey_MASTER43\01_VALIDATION\MDO_R55_REFERENCE_CANDIDATE_V27E_STABLE\MDO_R55_REFERENCE_CANDIDATE_V27E_20260509_032316\r55_42some.g6	102	complement	6e906bed89bd5cc67e3e45faa2960cc2a2420151ba4869df3a19fa0915863d64	0	0	1131	1174	False	False	111	0.506	False	False	555	2.267	False	False	1497	5.933				phi 0,1,2 excluded
205	DELTA_GE_3_PROVED	C:\mcdo_ramsey_MASTER43\01_VALIDATION\MDO_R55_REFERENCE_CANDIDATE_V27E_STABLE\MDO_R55_REFERENCE_CANDIDATE_V27E_20260509_032316\r55_42some.g6	103	source	d2c61d615807357b0f293461d5d634f9f77b3a3fd3548cf2d9516494fe1a83b0	0	0	1174	1131	False	False	137	0.612	False	False	723	2.896	False	False	1829	7.168				phi 0,1,2 excluded
206	DELTA_GE_3_PROVED	C:\mcdo_ramsey_MASTER43\01_VALIDATION\MDO_R55_REFERENCE_CANDIDATE_V27E_STABLE\MDO_R55_REFERENCE_CANDIDATE_V27E_20260509_032316\r55_42some.g6	103	complement	1f7ba1cd30a3239570ab5c61bb1656e2ac9c9282e8920b2b77a3a4c34f8dfbfd	0	0	1131	1174	False	False	137	0.621	False	False	723	2.944	False	False	1829	7.282				phi 0,1,2 excluded
207	DELTA_GE_3_PROVED	C:\mcdo_ramsey_MASTER43\01_VALIDATION\MDO_R55_REFERENCE_CANDIDATE_V27E_STABLE\MDO_R55_REFERENCE_CANDIDATE_V27E_20260509_032316\r55_42some.g6	104	source	45e040f60ffedad2648a5ef50ef3c11ad0e9d3e0fe0da6315ff8e50e0b412974	0	0	1187	1121	False	False	73	0.338	False	False	407	1.692	False	False	1141	4.602				phi 0,1,2 excluded
208	DELTA_GE_3_PROVED	C:\mcdo_ramsey_MASTER43\01_VALIDATION\MDO_R55_REFERENCE_CANDIDATE_V27E_STABLE\MDO_R55_REFERENCE_CANDIDATE_V27E_20260509_032316\r55_42some.g6	104	complement	60982ded9c363e3ee6c660884d2611902ff5de811a0201789eb8bc064f14c067	0	0	1121	1187	False	False	73	0.335	False	False	407	1.694	False	False	1141	4.596				phi 0,1,2 excluded
209	DELTA_GE_3_PROVED	C:\mcdo_ramsey_MASTER43\01_VALIDATION\MDO_R55_REFERENCE_CANDIDATE_V27E_STABLE\MDO_R55_REFERENCE_CANDIDATE_V27E_20260509_032316\r55_42some.g6	105	source	f8881474ff497ce0209c542ef5912908eb0286170ac96eefea9179b5b8549d77	0	0	1161	1141	False	False	131	0.587	False	False	691	2.782	False	False	1717	6.79				phi 0,1,2 excluded
210	DELTA_GE_3_PROVED	C:\mcdo_ramsey_MASTER43\01_VALIDATION\MDO_R55_REFERENCE_CANDIDATE_V27E_STABLE\MDO_R55_REFERENCE_CANDIDATE_V27E_20260509_032316\r55_42some.g6	105	complement	769816f71c94830957baac1fae0e1b7eca073d210ea6aa09dad38d3c5271550e	0	0	1141	1161	False	False	131	0.584	False	False	691	2.782	False	False	1717	6.731				phi 0,1,2 excluded
211	DELTA_GE_3_PROVED	C:\mcdo_ramsey_MASTER43\01_VALIDATION\MDO_R55_REFERENCE_CANDIDATE_V27E_STABLE\MDO_R55_REFERENCE_CANDIDATE_V27E_20260509_032316\r55_42some.g6	106	source	5a524f8d552ea61d2269e92fa051b8f8e242455854dfd22b081c019778799db8	0	0	1187	1124	False	False	97	0.439	False	False	485	2.015	False	False	1343	5.385				phi 0,1,2 excluded
212	DELTA_GE_3_PROVED	C:\mcdo_ramsey_MASTER43\01_VALIDATION\MDO_R55_REFERENCE_CANDIDATE_V27E_STABLE\MDO_R55_REFERENCE_CANDIDATE_V27E_20260509_032316\r55_42some.g6	106	complement	d5924d64211147c78077537c7b6a3da1bd0bcab2efab9c6ef77043afa0e113ea	0	0	1124	1187	False	False	97	0.448	False	False	485	2.028	False	False	1343	5.443				phi 0,1,2 excluded
213	DELTA_GE_3_PROVED	C:\mcdo_ramsey_MASTER43\01_VALIDATION\MDO_R55_REFERENCE_CANDIDATE_V27E_STABLE\MDO_R55_REFERENCE_CANDIDATE_V27E_20260509_032316\r55_42some.g6	107	source	382b0aa113cad44036bf7e34666cf73e5a753dfc8b8e63804374ee8b8586b6a2	0	0	1179	1128	False	False	69	0.322	False	False	365	1.558	False	False	1099	4.503				phi 0,1,2 excluded
214	DELTA_GE_3_PROVED	C:\mcdo_ramsey_MASTER43\01_VALIDATION\MDO_R55_REFERENCE_CANDIDATE_V27E_STABLE\MDO_R55_REFERENCE_CANDIDATE_V27E_20260509_032316\r55_42some.g6	107	complement	1fba470bcb7a32e22d9a3f4286f3abd40ab0179e1d620f8a2c714df40c986213	0	0	1128	1179	False	False	69	0.321	False	False	365	1.55	False	False	1099	4.5				phi 0,1,2 excluded
215	DELTA_GE_3_PROVED	C:\mcdo_ramsey_MASTER43\01_VALIDATION\MDO_R55_REFERENCE_CANDIDATE_V27E_STABLE\MDO_R55_REFERENCE_CANDIDATE_V27E_20260509_032316\r55_42some.g6	108	source	138802a8d834016ecf148734b4d1c402a33c993594acf526b990bea37b878ed7	0	0	1196	1117	False	False	99	0.444	False	False	531	2.201	False	False	1515	6.025				phi 0,1,2 excluded
216	DELTA_GE_3_PROVED	C:\mcdo_ramsey_MASTER43\01_VALIDATION\MDO_R55_REFERENCE_CANDIDATE_V27E_STABLE\MDO_R55_REFERENCE_CANDIDATE_V27E_20260509_032316\r55_42some.g6	108	complement	86f38370aac3ab42345dc5eb6a26c7270efad04f215eefe83449fa190870fd10	0	0	1117	1196	False	False	99	0.459	False	False	531	2.255	False	False	1515	6.172				phi 0,1,2 excluded
217	DELTA_GE_3_PROVED	C:\mcdo_ramsey_MASTER43\01_VALIDATION\MDO_R55_REFERENCE_CANDIDATE_V27E_STABLE\MDO_R55_REFERENCE_CANDIDATE_V27E_20260509_032316\r55_42some.g6	109	source	5f2df1aa8f376438b8f0fd1553b7d4bb6b35287c7a45bc454a3109679e463849	0	0	1196	1118	False	False	129	0.582	False	False	713	2.91	False	False	1797	7.092				phi 0,1,2 excluded
218	DELTA_GE_3_PROVED	C:\mcdo_ramsey_MASTER43\01_VALIDATION\MDO_R55_REFERENCE_CANDIDATE_V27E_STABLE\MDO_R55_REFERENCE_CANDIDATE_V27E_20260509_032316\r55_42some.g6	109	complement	286aff0368a0905447547339b11e249ffc3f2b132ae32aeaa9dfeb5b4f209980	0	0	1118	1196	False	False	129	0.601	False	False	713	2.914	False	False	1797	7.161				phi 0,1,2 excluded
219	DELTA_GE_3_PROVED	C:\mcdo_ramsey_MASTER43\01_VALIDATION\MDO_R55_REFERENCE_CANDIDATE_V27E_STABLE\MDO_R55_REFERENCE_CANDIDATE_V27E_20260509_032316\r55_42some.g6	110	source	c0582ffcd6aca9a7e4a7bc01197fb1c1b856967ab3443ad2f4e819b7a9c77deb	0	0	1183	1128	False	False	121	0.546	False	False	661	2.654	False	False	1615	6.412				phi 0,1,2 excluded
220	DELTA_GE_3_PROVED	C:\mcdo_ramsey_MASTER43\01_VALIDATION\MDO_R55_REFERENCE_CANDIDATE_V27E_STABLE\MDO_R55_REFERENCE_CANDIDATE_V27E_20260509_032316\r55_42some.g6	110	complement	6d5440234bd8b8b1dfb9ca4cfdc8ba4cd71fc31067afb716e75c6551ad48147d	0	0	1128	1183	False	False	121	0.552	False	False	661	2.649	False	False	1615	6.349				phi 0,1,2 excluded
221	DELTA_GE_3_PROVED	C:\mcdo_ramsey_MASTER43\01_VALIDATION\MDO_R55_REFERENCE_CANDIDATE_V27E_STABLE\MDO_R55_REFERENCE_CANDIDATE_V27E_20260509_032316\r55_42some.g6	111	source	56e3e94eb862ae5ba5170e941057f8f1c9c6442d5f17238fb735d252f183e5ab	0	0	1179	1126	False	False	83	0.375	False	False	455	1.884	False	False	1345	5.324				phi 0,1,2 excluded
222	DELTA_GE_3_PROVED	C:\mcdo_ramsey_MASTER43\01_VALIDATION\MDO_R55_REFERENCE_CANDIDATE_V27E_STABLE\MDO_R55_REFERENCE_CANDIDATE_V27E_20260509_032316\r55_42some.g6	111	complement	34947110ac4ef922f58b1fecd64f02ab0283ba80c91aaf0dd7d29fc612fa7bf9	0	0	1126	1179	False	False	83	0.377	False	False	455	1.876	False	False	1345	5.337				phi 0,1,2 excluded
223	DELTA_GE_3_PROVED	C:\mcdo_ramsey_MASTER43\01_VALIDATION\MDO_R55_REFERENCE_CANDIDATE_V27E_STABLE\MDO_R55_REFERENCE_CANDIDATE_V27E_20260509_032316\r55_42some.g6	112	source	27c04e16c403c758c6aeaae119e9ab35bdcc9c83e35cdfc7eec94cc3171cb590	0	0	1166	1139	False	False	75	0.339	False	False	399	1.673	False	False	1283	5.094				phi 0,1,2 excluded
224	DELTA_GE_3_PROVED	C:\mcdo_ramsey_MASTER43\01_VALIDATION\MDO_R55_REFERENCE_CANDIDATE_V27E_STABLE\MDO_R55_REFERENCE_CANDIDATE_V27E_20260509_032316\r55_42some.g6	112	complement	77bd75fb7cee43c981dad1823311bf95efaa9858c00470864442d27acd5cce93	0	0	1139	1166	False	False	75	0.347	False	False	399	1.704	False	False	1283	5.174				phi 0,1,2 excluded
225	DELTA_GE_3_PROVED	C:\mcdo_ramsey_MASTER43\01_VALIDATION\MDO_R55_REFERENCE_CANDIDATE_V27E_STABLE\MDO_R55_REFERENCE_CANDIDATE_V27E_20260509_032316\r55_42some.g6	113	source	99b965f35f36a1f49e5802a659e46ab616b5718c04f86cce23709a57f83a1026	0	0	1183	1128	False	False	99	0.445	False	False	539	2.217	False	False	1539	6.157				phi 0,1,2 excluded
226	DELTA_GE_3_PROVED	C:\mcdo_ramsey_MASTER43\01_VALIDATION\MDO_R55_REFERENCE_CANDIDATE_V27E_STABLE\MDO_R55_REFERENCE_CANDIDATE_V27E_20260509_032316\r55_42some.g6	113	complement	4cb6574c3953fc61a744d84636c9cdf9a34fc27323fa11a731b08639ea10f224	0	0	1128	1183	False	False	99	0.45	False	False	539	2.228	False	False	1539	6.115				phi 0,1,2 excluded
227	DELTA_GE_3_PROVED	C:\mcdo_ramsey_MASTER43\01_VALIDATION\MDO_R55_REFERENCE_CANDIDATE_V27E_STABLE\MDO_R55_REFERENCE_CANDIDATE_V27E_20260509_032316\r55_42some.g6	114	source	ace6fef44b37a6419eb86341e6bd57b4593e2afc43bbcb28e63ce0a625fb2ca6	0	0	1137	1165	False	False	127	0.585	False	False	687	2.808	False	False	1961	7.666				phi 0,1,2 excluded
228	DELTA_GE_3_PROVED	C:\mcdo_ramsey_MASTER43\01_VALIDATION\MDO_R55_REFERENCE_CANDIDATE_V27E_STABLE\MDO_R55_REFERENCE_CANDIDATE_V27E_20260509_032316\r55_42some.g6	114	complement	4d1436f92540847d756a414e7946040119056373e4b36d081daca0c6ad46efc3	0	0	1165	1137	False	False	127	0.577	False	False	687	2.81	False	False	1961	7.672				phi 0,1,2 excluded
229	DELTA_GE_3_PROVED	C:\mcdo_ramsey_MASTER43\01_VALIDATION\MDO_R55_REFERENCE_CANDIDATE_V27E_STABLE\MDO_R55_REFERENCE_CANDIDATE_V27E_20260509_032316\r55_42some.g6	115	source	edfc35c1a94a8ceeb916864b25c3479474ed97441f9b814136528540cabc3323	0	0	1150	1155	False	False	93	0.423	False	False	523	2.177	False	False	1595	6.297				phi 0,1,2 excluded
230	DELTA_GE_3_PROVED	C:\mcdo_ramsey_MASTER43\01_VALIDATION\MDO_R55_REFERENCE_CANDIDATE_V27E_STABLE\MDO_R55_REFERENCE_CANDIDATE_V27E_20260509_032316\r55_42some.g6	115	complement	7eca9165d8d2136fbb1fc6c3c7380bd01561c0b6770cbd4acda386af2db1fc0f	0	0	1155	1150	False	False	93	0.433	False	False	523	2.185	False	False	1595	6.36				phi 0,1,2 excluded
231	DELTA_GE_3_PROVED	C:\mcdo_ramsey_MASTER43\01_VALIDATION\MDO_R55_REFERENCE_CANDIDATE_V27E_STABLE\MDO_R55_REFERENCE_CANDIDATE_V27E_20260509_032316\r55_42some.g6	116	source	1b2b4b2d9090027da04501dc3438bd4ec8896fd74d84782af3701d5eb5e487af	0	0	1163	1144	False	False	105	0.49	False	False	535	2.276	False	False	1519	6.214				phi 0,1,2 excluded
232	DELTA_GE_3_PROVED	C:\mcdo_ramsey_MASTER43\01_VALIDATION\MDO_R55_REFERENCE_CANDIDATE_V27E_STABLE\MDO_R55_REFERENCE_CANDIDATE_V27E_20260509_032316\r55_42some.g6	116	complement	e05a3565d4b6d658758a77c4fff71165fe8cf0ac58fc9d295266d8be88cbac16	0	0	1144	1163	False	False	105	0.486	False	False	535	2.235	False	False	1519	6.095				phi 0,1,2 excluded
233	DELTA_GE_3_PROVED	C:\mcdo_ramsey_MASTER43\01_VALIDATION\MDO_R55_REFERENCE_CANDIDATE_V27E_STABLE\MDO_R55_REFERENCE_CANDIDATE_V27E_20260509_032316\r55_42some.g6	117	source	e2816c59185ec3ef12e2871513cf52c5dbeb65b05eca71d2f1f76df2f8a4f876	0	0	1176	1134	False	False	85	0.389	False	False	461	1.927	False	False	1345	5.362				phi 0,1,2 excluded
234	DELTA_GE_3_PROVED	C:\mcdo_ramsey_MASTER43\01_VALIDATION\MDO_R55_REFERENCE_CANDIDATE_V27E_STABLE\MDO_R55_REFERENCE_CANDIDATE_V27E_20260509_032316\r55_42some.g6	117	complement	cbbf20466f45de5c17b59f56654bc443d52453d37e63af73e9f96bce8a0bb6ce	0	0	1134	1176	False	False	85	0.405	False	False	461	1.954	False	False	1345	5.523				phi 0,1,2 excluded
235	DELTA_GE_3_PROVED	C:\mcdo_ramsey_MASTER43\01_VALIDATION\MDO_R55_REFERENCE_CANDIDATE_V27E_STABLE\MDO_R55_REFERENCE_CANDIDATE_V27E_20260509_032316\r55_42some.g6	118	source	549109b42ba36d5979bc8b0a297d08facf6a5fb140d1049c3ca082896e3e20e9	0	0	1180	1132	False	False	135	0.613	False	False	703	2.851	False	False	1787	7.096				phi 0,1,2 excluded
236	DELTA_GE_3_PROVED	C:\mcdo_ramsey_MASTER43\01_VALIDATION\MDO_R55_REFERENCE_CANDIDATE_V27E_STABLE\MDO_R55_REFERENCE_CANDIDATE_V27E_20260509_032316\r55_42some.g6	118	complement	59dbff69e147405915027ee66fd72621fa22afbfb344ad78e43f01efd9c4615f	0	0	1132	1180	False	False	135	0.617	False	False	703	2.901	False	False	1787	7.179				phi 0,1,2 excluded
237	DELTA_GE_3_PROVED	C:\mcdo_ramsey_MASTER43\01_VALIDATION\MDO_R55_REFERENCE_CANDIDATE_V27E_STABLE\MDO_R55_REFERENCE_CANDIDATE_V27E_20260509_032316\r55_42some.g6	119	source	d3aba037259052a1063d7c87795fdf8ece4c8bb5adc97a2481e9e21a439a4c0e	0	0	1151	1152	False	False	91	0.414	False	False	507	2.084	False	False	1513	6.059				phi 0,1,2 excluded
238	DELTA_GE_3_PROVED	C:\mcdo_ramsey_MASTER43\01_VALIDATION\MDO_R55_REFERENCE_CANDIDATE_V27E_STABLE\MDO_R55_REFERENCE_CANDIDATE_V27E_20260509_032316\r55_42some.g6	119	complement	c47d5317c753e7ff9b484741161719e226cb7279bc6f3cc4505162257c06fd42	0	0	1152	1151	False	False	91	0.422	False	False	507	2.108	False	False	1513	6.073				phi 0,1,2 excluded
239	DELTA_GE_3_PROVED	C:\mcdo_ramsey_MASTER43\01_VALIDATION\MDO_R55_REFERENCE_CANDIDATE_V27E_STABLE\MDO_R55_REFERENCE_CANDIDATE_V27E_20260509_032316\r55_42some.g6	120	source	f5906096bd9b989b0d6cc1c6421fe898c6de0305c4ff6443ee438a493b5c1800	0	0	1191	1129	False	False	83	0.385	False	False	457	1.926	False	False	1327	5.384				phi 0,1,2 excluded
240	DELTA_GE_3_PROVED	C:\mcdo_ramsey_MASTER43\01_VALIDATION\MDO_R55_REFERENCE_CANDIDATE_V27E_STABLE\MDO_R55_REFERENCE_CANDIDATE_V27E_20260509_032316\r55_42some.g6	120	complement	79e9956e05c329bb97008b20318a8d7d0bc773648b6d8329cbf18dd693a76eb2	0	0	1129	1191	False	False	83	0.386	False	False	457	1.914	False	False	1327	5.342				phi 0,1,2 excluded
241	DELTA_GE_3_PROVED	C:\mcdo_ramsey_MASTER43\01_VALIDATION\MDO_R55_REFERENCE_CANDIDATE_V27E_STABLE\MDO_R55_REFERENCE_CANDIDATE_V27E_20260509_032316\r55_42some.g6	121	source	f29377dc8f05791070736db4558c93b1d23b1c8303c879cf5d640e89cd983499	0	0	1178	1139	False	False	85	0.392	False	False	467	1.958	False	False	1475	5.878				phi 0,1,2 excluded
242	DELTA_GE_3_PROVED	C:\mcdo_ramsey_MASTER43\01_VALIDATION\MDO_R55_REFERENCE_CANDIDATE_V27E_STABLE\MDO_R55_REFERENCE_CANDIDATE_V27E_20260509_032316\r55_42some.g6	121	complement	86cf1eaa375adf97f5d3559fd9f041108fdc2d9004c0bbb11da3b3b4fedb2106	0	0	1139	1178	False	False	85	0.396	False	False	467	1.964	False	False	1475	5.889				phi 0,1,2 excluded
243	DELTA_GE_3_PROVED	C:\mcdo_ramsey_MASTER43\01_VALIDATION\MDO_R55_REFERENCE_CANDIDATE_V27E_STABLE\MDO_R55_REFERENCE_CANDIDATE_V27E_20260509_032316\r55_42some.g6	122	source	cea5f5e94c482028d4bc5a6580be1acc19c7d7884756faed27cd2fdef6090588	0	0	1194	1122	False	False	69	0.326	False	False	387	1.647	False	False	1249	5.054				phi 0,1,2 excluded
244	DELTA_GE_3_PROVED	C:\mcdo_ramsey_MASTER43\01_VALIDATION\MDO_R55_REFERENCE_CANDIDATE_V27E_STABLE\MDO_R55_REFERENCE_CANDIDATE_V27E_20260509_032316\r55_42some.g6	122	complement	fa66f7524ab087df15e6dfe8a854d05efe3a5a6908e955645b47e1f8c3cf4697	0	0	1122	1194	False	False	69	0.324	False	False	387	1.648	False	False	1249	5.062				phi 0,1,2 excluded
245	DELTA_GE_3_PROVED	C:\mcdo_ramsey_MASTER43\01_VALIDATION\MDO_R55_REFERENCE_CANDIDATE_V27E_STABLE\MDO_R55_REFERENCE_CANDIDATE_V27E_20260509_032316\r55_42some.g6	123	source	e3f226b3f62610feb2aa0d43101ba2bb905c72cf2b8fdea20872217a57330895	0	0	1158	1157	False	False	141	0.631	False	False	723	2.942	False	False	1957	7.668				phi 0,1,2 excluded
246	DELTA_GE_3_PROVED	C:\mcdo_ramsey_MASTER43\01_VALIDATION\MDO_R55_REFERENCE_CANDIDATE_V27E_STABLE\MDO_R55_REFERENCE_CANDIDATE_V27E_20260509_032316\r55_42some.g6	123	complement	8b3ccdd5c6b55ebb3167204c20ebf8fdbc0ad577ca3a576e13f8194efc3e4750	0	0	1157	1158	False	False	141	0.645	False	False	723	2.949	False	False	1957	7.712				phi 0,1,2 excluded
247	DELTA_GE_3_PROVED	C:\mcdo_ramsey_MASTER43\01_VALIDATION\MDO_R55_REFERENCE_CANDIDATE_V27E_STABLE\MDO_R55_REFERENCE_CANDIDATE_V27E_20260509_032316\r55_42some.g6	124	source	e2a55bc325b9c241086b69b323168f2f18b587adcfb45b6e725c5311e2addfa7	0	0	1141	1169	False	False	85	0.388	False	False	479	1.977	False	False	1479	5.835				phi 0,1,2 excluded
248	DELTA_GE_3_PROVED	C:\mcdo_ramsey_MASTER43\01_VALIDATION\MDO_R55_REFERENCE_CANDIDATE_V27E_STABLE\MDO_R55_REFERENCE_CANDIDATE_V27E_20260509_032316\r55_42some.g6	124	complement	e9789a022f733c74dd62318c0f5841baa83e88a122d82b7952f4f2e90d0a672e	0	0	1169	1141	False	False	85	0.397	False	False	479	1.994	False	False	1479	5.903				phi 0,1,2 excluded
249	DELTA_GE_3_PROVED	C:\mcdo_ramsey_MASTER43\01_VALIDATION\MDO_R55_REFERENCE_CANDIDATE_V27E_STABLE\MDO_R55_REFERENCE_CANDIDATE_V27E_20260509_032316\r55_42some.g6	125	source	b700fe55d445ff18879a4e1c473bccc0d8b4274a260b01b03b43205162cd1a53	0	0	1141	1168	False	False	89	0.412	False	False	465	1.933	False	False	1367	5.46				phi 0,1,2 excluded
250	DELTA_GE_3_PROVED	C:\mcdo_ramsey_MASTER43\01_VALIDATION\MDO_R55_REFERENCE_CANDIDATE_V27E_STABLE\MDO_R55_REFERENCE_CANDIDATE_V27E_20260509_032316\r55_42some.g6	125	complement	da9e8f87fdf73e03bbc9392881451bbbea52b747bea29e392780a28ecd2719cc	0	0	1168	1141	False	False	89	0.431	False	False	465	1.997	False	False	1367	5.639				phi 0,1,2 excluded
251	DELTA_GE_3_PROVED	C:\mcdo_ramsey_MASTER43\01_VALIDATION\MDO_R55_REFERENCE_CANDIDATE_V27E_STABLE\MDO_R55_REFERENCE_CANDIDATE_V27E_20260509_032316\r55_42some.g6	126	source	3664d046666d269993edbd7f65f77d0fe1319f6f0532b4ba75156c029b886f2f	0	0	1154	1159	False	False	85	0.401	False	False	433	1.841	False	False	1355	5.505				phi 0,1,2 excluded
252	DELTA_GE_3_PROVED	C:\mcdo_ramsey_MASTER43\01_VALIDATION\MDO_R55_REFERENCE_CANDIDATE_V27E_STABLE\MDO_R55_REFERENCE_CANDIDATE_V27E_20260509_032316\r55_42some.g6	126	complement	74bd964df00b90304a5300981763a2e0d8d001394ae8813d062f0c9bcc57e846	0	0	1159	1154	False	False	85	0.409	False	False	433	1.9	False	False	1355	5.643				phi 0,1,2 excluded
253	DELTA_GE_3_PROVED	C:\mcdo_ramsey_MASTER43\01_VALIDATION\MDO_R55_REFERENCE_CANDIDATE_V27E_STABLE\MDO_R55_REFERENCE_CANDIDATE_V27E_20260509_032316\r55_42some.g6	127	source	7b062e38d9575d51e6d67852f3b41fae50f3767dd74923692901297577ffc246	0	0	1124	1182	False	False	69	0.315	False	False	353	1.479	False	False	1129	4.533				phi 0,1,2 excluded
254	DELTA_GE_3_PROVED	C:\mcdo_ramsey_MASTER43\01_VALIDATION\MDO_R55_REFERENCE_CANDIDATE_V27E_STABLE\MDO_R55_REFERENCE_CANDIDATE_V27E_20260509_032316\r55_42some.g6	127	complement	4f73d3865e635ad891917f857abb7e1e35076d0f21557cafc04d5e6c9ea6e48d	0	0	1182	1124	False	False	69	0.319	False	False	353	1.494	False	False	1129	4.567				phi 0,1,2 excluded
255	DELTA_GE_3_PROVED	C:\mcdo_ramsey_MASTER43\01_VALIDATION\MDO_R55_REFERENCE_CANDIDATE_V27E_STABLE\MDO_R55_REFERENCE_CANDIDATE_V27E_20260509_032316\r55_42some.g6	128	source	2fefe712b19ef9407d3d7978e576d040e4ff6b56937e32c6fe08b522b8119348	0	0	1137	1167	False	False	69	0.315	False	False	383	1.579	False	False	1165	4.615				phi 0,1,2 excluded
256	DELTA_GE_3_PROVED	C:\mcdo_ramsey_MASTER43\01_VALIDATION\MDO_R55_REFERENCE_CANDIDATE_V27E_STABLE\MDO_R55_REFERENCE_CANDIDATE_V27E_20260509_032316\r55_42some.g6	128	complement	77f7cb0c725f1529796df2031cbbbf1d6bdce1e3660294e10d8c7a263f346850	0	0	1167	1137	False	False	69	0.311	False	False	383	1.59	False	False	1165	4.662				phi 0,1,2 excluded
257	DELTA_GE_3_PROVED	C:\mcdo_ramsey_MASTER43\01_VALIDATION\MDO_R55_REFERENCE_CANDIDATE_V27E_STABLE\MDO_R55_REFERENCE_CANDIDATE_V27E_20260509_032316\r55_42some.g6	129	source	d51729ca2da65e36d8dfeaff785996fe944668683aede6037ec63804967c10cd	0	0	1150	1155	False	False	83	0.367	False	False	461	1.87	False	False	1319	5.191				phi 0,1,2 excluded
258	DELTA_GE_3_PROVED	C:\mcdo_ramsey_MASTER43\01_VALIDATION\MDO_R55_REFERENCE_CANDIDATE_V27E_STABLE\MDO_R55_REFERENCE_CANDIDATE_V27E_20260509_032316\r55_42some.g6	129	complement	d0b3bfd0bc15d1c4c496ad29773256e6094fedc9064a14e90ff23ce82c8f26fb	0	0	1155	1150	False	False	83	0.376	False	False	461	1.894	False	False	1319	5.271				phi 0,1,2 excluded
259	DELTA_GE_3_PROVED	C:\mcdo_ramsey_MASTER43\01_VALIDATION\MDO_R55_REFERENCE_CANDIDATE_V27E_STABLE\MDO_R55_REFERENCE_CANDIDATE_V27E_20260509_032316\r55_42some.g6	130	source	c0f6de7c94e11fcaa1216eae59754c91ffee8d20147dadf6e011fb00392c090b	0	0	1163	1147	False	False	89	0.404	False	False	441	1.845	False	False	1297	5.213				phi 0,1,2 excluded
260	DELTA_GE_3_PROVED	C:\mcdo_ramsey_MASTER43\01_VALIDATION\MDO_R55_REFERENCE_CANDIDATE_V27E_STABLE\MDO_R55_REFERENCE_CANDIDATE_V27E_20260509_032316\r55_42some.g6	130	complement	20d397dc9dfa277e12845d1f80e5b17d455e95c19934cec02e95d587542fbd3e	0	0	1147	1163	False	False	89	0.41	False	False	441	1.838	False	False	1297	5.21				phi 0,1,2 excluded
261	DELTA_GE_3_PROVED	C:\mcdo_ramsey_MASTER43\01_VALIDATION\MDO_R55_REFERENCE_CANDIDATE_V27E_STABLE\MDO_R55_REFERENCE_CANDIDATE_V27E_20260509_032316\r55_42some.g6	131	source	6c62f954e92662d865ec225eed26e61526cf4874b97a4eec52a8ba285f3449d5	0	0	1137	1168	False	False	97	0.446	False	False	515	2.125	False	False	1471	5.863				phi 0,1,2 excluded
262	DELTA_GE_3_PROVED	C:\mcdo_ramsey_MASTER43\01_VALIDATION\MDO_R55_REFERENCE_CANDIDATE_V27E_STABLE\MDO_R55_REFERENCE_CANDIDATE_V27E_20260509_032316\r55_42some.g6	131	complement	ad02bde033be83925fb6a3d683e4ce9ded1966c191aa9a092daa7ac056487930	0	0	1168	1137	False	False	97	0.443	False	False	515	2.14	False	False	1471	5.876				phi 0,1,2 excluded
263	DELTA_GE_3_PROVED	C:\mcdo_ramsey_MASTER43\01_VALIDATION\MDO_R55_REFERENCE_CANDIDATE_V27E_STABLE\MDO_R55_REFERENCE_CANDIDATE_V27E_20260509_032316\r55_42some.g6	132	source	35e0debcd368b0d7ea03f45f63bb43327254e24a376d0efb39ee84cf17ebbd53	0	0	1150	1157	False	False	83	0.385	False	False	441	1.855	False	False	1277	5.228				phi 0,1,2 excluded
264	DELTA_GE_3_PROVED	C:\mcdo_ramsey_MASTER43\01_VALIDATION\MDO_R55_REFERENCE_CANDIDATE_V27E_STABLE\MDO_R55_REFERENCE_CANDIDATE_V27E_20260509_032316\r55_42some.g6	132	complement	88031717a848ba512bca10bbcbe7d55d9940fddc0db11907d2da38cd33a9f0fa	0	0	1157	1150	False	False	83	0.383	False	False	441	1.84	False	False	1277	5.156				phi 0,1,2 excluded
265	DELTA_GE_3_PROVED	C:\mcdo_ramsey_MASTER43\01_VALIDATION\MDO_R55_REFERENCE_CANDIDATE_V27E_STABLE\MDO_R55_REFERENCE_CANDIDATE_V27E_20260509_032316\r55_42some.g6	133	source	6cac00ffd6cb8e8b0185340434bccb1281f0953e976d414f6dd4290ba0db2544	0	0	1158	1140	False	False	77	0.36	False	False	421	1.736	False	False	1165	4.727				phi 0,1,2 excluded
266	DELTA_GE_3_PROVED	C:\mcdo_ramsey_MASTER43\01_VALIDATION\MDO_R55_REFERENCE_CANDIDATE_V27E_STABLE\MDO_R55_REFERENCE_CANDIDATE_V27E_20260509_032316\r55_42some.g6	133	complement	b85047d1ea165bb113137385d415dbbbee46758142b6325dc6a68d27f9cd8bf6	0	0	1140	1158	False	False	77	0.348	False	False	421	1.741	False	False	1165	4.703				phi 0,1,2 excluded
267	DELTA_GE_3_PROVED	C:\mcdo_ramsey_MASTER43\01_VALIDATION\MDO_R55_REFERENCE_CANDIDATE_V27E_STABLE\MDO_R55_REFERENCE_CANDIDATE_V27E_20260509_032316\r55_42some.g6	134	source	4802d9aa66bc009ae5ab18b6fe6073354a676b4534b0601dd2f311e1f5597247	0	0	1199	1107	False	False	67	0.313	False	False	347	1.49	False	False	1125	4.605				phi 0,1,2 excluded
268	DELTA_GE_3_PROVED	C:\mcdo_ramsey_MASTER43\01_VALIDATION\MDO_R55_REFERENCE_CANDIDATE_V27E_STABLE\MDO_R55_REFERENCE_CANDIDATE_V27E_20260509_032316\r55_42some.g6	134	complement	c6d4a2b091a2e00ac519318c99264c4b74675905a9791ea7cf1dd375ace1fc39	0	0	1107	1199	False	False	67	0.315	False	False	347	1.488	False	False	1125	4.654				phi 0,1,2 excluded
269	DELTA_GE_3_PROVED	C:\mcdo_ramsey_MASTER43\01_VALIDATION\MDO_R55_REFERENCE_CANDIDATE_V27E_STABLE\MDO_R55_REFERENCE_CANDIDATE_V27E_20260509_032316\r55_42some.g6	135	source	0bec867cc92fe518c54300b5dfaa1c40b08fc5b77cd2f259c5e8d09e21495453	0	0	1186	1117	False	False	89	0.411	False	False	461	1.907	False	False	1353	5.398				phi 0,1,2 excluded
270	DELTA_GE_3_PROVED	C:\mcdo_ramsey_MASTER43\01_VALIDATION\MDO_R55_REFERENCE_CANDIDATE_V27E_STABLE\MDO_R55_REFERENCE_CANDIDATE_V27E_20260509_032316\r55_42some.g6	135	complement	90af216e277d694506b69dc02daec5ca9dd36977bc4a767d0248143d68032031	0	0	1117	1186	False	False	89	0.408	False	False	461	1.92	False	False	1353	5.42				phi 0,1,2 excluded
271	DELTA_GE_3_PROVED	C:\mcdo_ramsey_MASTER43\01_VALIDATION\MDO_R55_REFERENCE_CANDIDATE_V27E_STABLE\MDO_R55_REFERENCE_CANDIDATE_V27E_20260509_032316\r55_42some.g6	136	source	d48c47c0df350e7e64703f0fea5929b2df232e7feec6bbb43cdc2ee099a7f883	0	0	1190	1116	False	False	123	0.548	False	False	685	2.708	False	False	1629	6.347				phi 0,1,2 excluded
272	DELTA_GE_3_PROVED	C:\mcdo_ramsey_MASTER43\01_VALIDATION\MDO_R55_REFERENCE_CANDIDATE_V27E_STABLE\MDO_R55_REFERENCE_CANDIDATE_V27E_20260509_032316\r55_42some.g6	136	complement	df2f67cab99940d10c748d0f0aa31a1fcfc68274f472cbf841f59233657c5d9d	0	0	1116	1190	False	False	123	0.558	False	False	685	2.76	False	False	1629	6.447				phi 0,1,2 excluded
273	DELTA_GE_3_PROVED	C:\mcdo_ramsey_MASTER43\01_VALIDATION\MDO_R55_REFERENCE_CANDIDATE_V27E_STABLE\MDO_R55_REFERENCE_CANDIDATE_V27E_20260509_032316\r55_42some.g6	137	source	e37bf13e163c32f61f7c53e97822972f438cdf81b96a0610ede3c27bce00e39c	0	0	1160	1137	False	False	73	0.331	False	False	417	1.712	False	False	1241	4.919				phi 0,1,2 excluded
274	DELTA_GE_3_PROVED	C:\mcdo_ramsey_MASTER43\01_VALIDATION\MDO_R55_REFERENCE_CANDIDATE_V27E_STABLE\MDO_R55_REFERENCE_CANDIDATE_V27E_20260509_032316\r55_42some.g6	137	complement	7824f11353101c92520893821da2d9af8d1915e753363ad21ae7251f538bbd07	0	0	1137	1160	False	False	73	0.333	False	False	417	1.73	False	False	1241	4.961				phi 0,1,2 excluded
275	DELTA_GE_3_PROVED	C:\mcdo_ramsey_MASTER43\01_VALIDATION\MDO_R55_REFERENCE_CANDIDATE_V27E_STABLE\MDO_R55_REFERENCE_CANDIDATE_V27E_20260509_032316\r55_42some.g6	138	source	c5692f2b9a28a047959dd29482065e59a232b7a0e8abf30630e0868780159ebe	0	0	1177	1126	False	False	131	0.588	False	False	681	2.765	False	False	1727	6.831				phi 0,1,2 excluded
276	DELTA_GE_3_PROVED	C:\mcdo_ramsey_MASTER43\01_VALIDATION\MDO_R55_REFERENCE_CANDIDATE_V27E_STABLE\MDO_R55_REFERENCE_CANDIDATE_V27E_20260509_032316\r55_42some.g6	138	complement	6db4a37daacddfaefdd1afbaab55d294c93d935312f099bff4ac8de6e1626afc	0	0	1126	1177	False	False	131	0.593	False	False	681	2.754	False	False	1727	6.77				phi 0,1,2 excluded
277	DELTA_GE_3_PROVED	C:\mcdo_ramsey_MASTER43\01_VALIDATION\MDO_R55_REFERENCE_CANDIDATE_V27E_STABLE\MDO_R55_REFERENCE_CANDIDATE_V27E_20260509_032316\r55_42some.g6	139	source	84a1b6b1d26e857492d93d36b29cd23d94368c945417d6152428649b582119ba	0	0	1186	1114	False	False	85	0.393	False	False	465	1.979	False	False	1385	5.622				phi 0,1,2 excluded
278	DELTA_GE_3_PROVED	C:\mcdo_ramsey_MASTER43\01_VALIDATION\MDO_R55_REFERENCE_CANDIDATE_V27E_STABLE\MDO_R55_REFERENCE_CANDIDATE_V27E_20260509_032316\r55_42some.g6	139	complement	938e5f2741eea724436354bc27003d5450d1502816103c0b6423498e8146acdc	0	0	1114	1186	False	False	85	0.386	False	False	465	1.921	False	False	1385	5.516				phi 0,1,2 excluded
279	DELTA_GE_3_PROVED	C:\mcdo_ramsey_MASTER43\01_VALIDATION\MDO_R55_REFERENCE_CANDIDATE_V27E_STABLE\MDO_R55_REFERENCE_CANDIDATE_V27E_20260509_032316\r55_42some.g6	140	source	0f7522c00044e2138b781c8c1f202e976ee72fa1bab7063a8da39cd65782c702	0	0	1173	1127	False	False	83	0.372	False	False	449	1.866	False	False	1363	5.407				phi 0,1,2 excluded
280	DELTA_GE_3_PROVED	C:\mcdo_ramsey_MASTER43\01_VALIDATION\MDO_R55_REFERENCE_CANDIDATE_V27E_STABLE\MDO_R55_REFERENCE_CANDIDATE_V27E_20260509_032316\r55_42some.g6	140	complement	a8a8540d649d346f23ee5ce937e77b31628068d818527ef9b9e405bdbc247112	0	0	1127	1173	False	False	83	0.377	False	False	449	1.877	False	False	1363	5.417				phi 0,1,2 excluded
281	DELTA_GE_3_PROVED	C:\mcdo_ramsey_MASTER43\01_VALIDATION\MDO_R55_REFERENCE_CANDIDATE_V27E_STABLE\MDO_R55_REFERENCE_CANDIDATE_V27E_20260509_032316\r55_42some.g6	141	source	af2bd68c21cb0decd631cdc925f5fa0463e9512621af77855a29d9aa604156c4	0	0	1190	1116	False	False	109	0.484	False	False	577	2.366	False	False	1565	6.202				phi 0,1,2 excluded
282	DELTA_GE_3_PROVED	C:\mcdo_ramsey_MASTER43\01_VALIDATION\MDO_R55_REFERENCE_CANDIDATE_V27E_STABLE\MDO_R55_REFERENCE_CANDIDATE_V27E_20260509_032316\r55_42some.g6	141	complement	200b5616e7b595d7aa900277fe32404eb9944572a7cd9af3de3c979853e30abf	0	0	1116	1190	False	False	109	0.498	False	False	577	2.388	False	False	1565	6.228				phi 0,1,2 excluded
283	DELTA_GE_3_PROVED	C:\mcdo_ramsey_MASTER43\01_VALIDATION\MDO_R55_REFERENCE_CANDIDATE_V27E_STABLE\MDO_R55_REFERENCE_CANDIDATE_V27E_20260509_032316\r55_42some.g6	142	source	03f944c5e0851eb7ad7af8884d723a6c91cbd3f871acaae4c9abed50448ac2fa	0	0	1173	1127	False	False	89	0.415	False	False	467	1.959	False	False	1345	5.415				phi 0,1,2 excluded
284	DELTA_GE_3_PROVED	C:\mcdo_ramsey_MASTER43\01_VALIDATION\MDO_R55_REFERENCE_CANDIDATE_V27E_STABLE\MDO_R55_REFERENCE_CANDIDATE_V27E_20260509_032316\r55_42some.g6	142	complement	5276e8f622ecaa450e0fe981ceef3a626af70ce084e198bc0f86c36c9fd02d9a	0	0	1127	1173	False	False	89	0.417	False	False	467	1.98	False	False	1345	5.453				phi 0,1,2 excluded
285	DELTA_GE_3_PROVED	C:\mcdo_ramsey_MASTER43\01_VALIDATION\MDO_R55_REFERENCE_CANDIDATE_V27E_STABLE\MDO_R55_REFERENCE_CANDIDATE_V27E_20260509_032316\r55_42some.g6	143	source	12290e14e4cafd61d08df54ac2919a9cadbd27bf56bda71a9b73b1da49f5bb6b	0	0	1186	1117	False	False	69	0.325	False	False	361	1.541	False	False	1117	4.607				phi 0,1,2 excluded
286	DELTA_GE_3_PROVED	C:\mcdo_ramsey_MASTER43\01_VALIDATION\MDO_R55_REFERENCE_CANDIDATE_V27E_STABLE\MDO_R55_REFERENCE_CANDIDATE_V27E_20260509_032316\r55_42some.g6	143	complement	f82f8f8d569b24b23ee9eb7c3a72b6dab38322a3d91293ef45a88e2a057ca9ec	0	0	1117	1186	False	False	69	0.323	False	False	361	1.541	False	False	1117	4.627				phi 0,1,2 excluded
287	DELTA_GE_3_PROVED	C:\mcdo_ramsey_MASTER43\01_VALIDATION\MDO_R55_REFERENCE_CANDIDATE_V27E_STABLE\MDO_R55_REFERENCE_CANDIDATE_V27E_20260509_032316\r55_42some.g6	144	source	72ab73999269a3e62a76dcd14b5900ee2c02344ff84f95c8819c9b7870378635	0	0	1203	1106	False	False	103	0.463	False	False	553	2.28	False	False	1529	6.078				phi 0,1,2 excluded
288	DELTA_GE_3_PROVED	C:\mcdo_ramsey_MASTER43\01_VALIDATION\MDO_R55_REFERENCE_CANDIDATE_V27E_STABLE\MDO_R55_REFERENCE_CANDIDATE_V27E_20260509_032316\r55_42some.g6	144	complement	9711364623b1a77d479f9dd325cc7c1700b80a9e4725c9b207654221c2bd6db7	0	0	1106	1203	False	False	103	0.47	False	False	553	2.284	False	False	1529	6.059				phi 0,1,2 excluded
289	DELTA_GE_3_PROVED	C:\mcdo_ramsey_MASTER43\01_VALIDATION\MDO_R55_REFERENCE_CANDIDATE_V27E_STABLE\MDO_R55_REFERENCE_CANDIDATE_V27E_20260509_032316\r55_42some.g6	145	source	a5951c0ddcf8c97cf4b92c4f71c2da3999346696bfb6860632403c8154df2cba	0	0	1189	1127	False	False	63	0.292	False	False	317	1.337	False	False	849	3.539				phi 0,1,2 excluded
290	DELTA_GE_3_PROVED	C:\mcdo_ramsey_MASTER43\01_VALIDATION\MDO_R55_REFERENCE_CANDIDATE_V27E_STABLE\MDO_R55_REFERENCE_CANDIDATE_V27E_20260509_032316\r55_42some.g6	145	complement	33863b10bffe38af5808de138c2745e78bd60f77dfacfcfe5e1fe2b41963a4ef	0	0	1127	1189	False	False	63	0.293	False	False	317	1.341	False	False	849	3.538				phi 0,1,2 excluded
291	DELTA_GE_3_PROVED	C:\mcdo_ramsey_MASTER43\01_VALIDATION\MDO_R55_REFERENCE_CANDIDATE_V27E_STABLE\MDO_R55_REFERENCE_CANDIDATE_V27E_20260509_032316\r55_42some.g6	146	source	ed1ee4f78fecdc2331ae8038886a58da70a6f0ac3c4f742500c6244ebdeb9467	0	0	1176	1135	False	False	91	0.418	False	False	483	2.009	False	False	1401	5.63				phi 0,1,2 excluded
292	DELTA_GE_3_PROVED	C:\mcdo_ramsey_MASTER43\01_VALIDATION\MDO_R55_REFERENCE_CANDIDATE_V27E_STABLE\MDO_R55_REFERENCE_CANDIDATE_V27E_20260509_032316\r55_42some.g6	146	complement	b2f3b56fcb032af80df1c1a534a27fa17ab97e5cd9f4cc7dfe4854fa8f366d1a	0	0	1135	1176	False	False	91	0.431	False	False	483	2.052	False	False	1401	5.734				phi 0,1,2 excluded
293	DELTA_GE_3_PROVED	C:\mcdo_ramsey_MASTER43\01_VALIDATION\MDO_R55_REFERENCE_CANDIDATE_V27E_STABLE\MDO_R55_REFERENCE_CANDIDATE_V27E_20260509_032316\r55_42some.g6	147	source	96774dc93630a255f5c2ab28875e4602bda424415adfc93d7a9fe473fdc60d0d	0	0	1189	1127	False	False	65	0.302	False	False	365	1.539	False	False	1165	4.693				phi 0,1,2 excluded
294	DELTA_GE_3_PROVED	C:\mcdo_ramsey_MASTER43\01_VALIDATION\MDO_R55_REFERENCE_CANDIDATE_V27E_STABLE\MDO_R55_REFERENCE_CANDIDATE_V27E_20260509_032316\r55_42some.g6	147	complement	150828bd54cba029da7a214436e11d335a58e6547cb8cbb2deebb164704b2583	0	0	1127	1189	False	False	65	0.302	False	False	365	1.544	False	False	1165	4.695				phi 0,1,2 excluded
295	DELTA_GE_3_PROVED	C:\mcdo_ramsey_MASTER43\01_VALIDATION\MDO_R55_REFERENCE_CANDIDATE_V27E_STABLE\MDO_R55_REFERENCE_CANDIDATE_V27E_20260509_032316\r55_42some.g6	148	source	d5389d1bcdbec1773761ff975b63ab44fc903b913c9b2134114813d6bdaf9684	0	0	1202	1119	False	False	63	0.295	False	False	327	1.377	False	False	901	3.739				phi 0,1,2 excluded
296	DELTA_GE_3_PROVED	C:\mcdo_ramsey_MASTER43\01_VALIDATION\MDO_R55_REFERENCE_CANDIDATE_V27E_STABLE\MDO_R55_REFERENCE_CANDIDATE_V27E_20260509_032316\r55_42some.g6	148	complement	b72be1b124565c84b520e6688094d70d5c5db9f7da96f1f5f75ca11793925513	0	0	1119	1202	False	False	63	0.299	False	False	327	1.399	False	False	901	3.79				phi 0,1,2 excluded
297	DELTA_GE_3_PROVED	C:\mcdo_ramsey_MASTER43\01_VALIDATION\MDO_R55_REFERENCE_CANDIDATE_V27E_STABLE\MDO_R55_REFERENCE_CANDIDATE_V27E_20260509_032316\r55_42some.g6	149	source	171a1aa0400c056ca9a6b37ae449995fc4e0b64f42fdbe6121ebe0fd53f8cc5a	0	0	1180	1136	False	False	63	0.293	False	False	317	1.357	False	False	877	3.67				phi 0,1,2 excluded
298	DELTA_GE_3_PROVED	C:\mcdo_ramsey_MASTER43\01_VALIDATION\MDO_R55_REFERENCE_CANDIDATE_V27E_STABLE\MDO_R55_REFERENCE_CANDIDATE_V27E_20260509_032316\r55_42some.g6	149	complement	033bca9f2b3d078aefdb4c4f6f8a85a78134fe9acd61f145148e17bbc85eccfd	0	0	1136	1180	False	False	63	0.302	False	False	317	1.391	False	False	877	3.759				phi 0,1,2 excluded
299	DELTA_GE_3_PROVED	C:\mcdo_ramsey_MASTER43\01_VALIDATION\MDO_R55_REFERENCE_CANDIDATE_V27E_STABLE\MDO_R55_REFERENCE_CANDIDATE_V27E_20260509_032316\r55_42some.g6	150	source	a2672b3a1fa93e8c9be1cbdb37b146a932f44b44f6b9727dd488b8b8a47576fe	0	0	1167	1144	False	False	93	0.431	False	False	475	2.013	False	False	1401	5.68				phi 0,1,2 excluded
300	DELTA_GE_3_PROVED	C:\mcdo_ramsey_MASTER43\01_VALIDATION\MDO_R55_REFERENCE_CANDIDATE_V27E_STABLE\MDO_R55_REFERENCE_CANDIDATE_V27E_20260509_032316\r55_42some.g6	150	complement	6163bd8a582c4a16f64558321fce2a261d1958d8603e01459fac45b933fa3e92	0	0	1144	1167	False	False	93	0.444	False	False	475	2.056	False	False	1401	5.821				phi 0,1,2 excluded
301	DELTA_GE_3_PROVED	C:\mcdo_ramsey_MASTER43\01_VALIDATION\MDO_R55_REFERENCE_CANDIDATE_V27E_STABLE\MDO_R55_REFERENCE_CANDIDATE_V27E_20260509_032316\r55_42some.g6	151	source	3fade4d328af46142bc0c9d6d61795ff674ac25c9ffcd7b6cca0990a69b370e3	0	0	1180	1136	False	False	65	0.312	False	False	373	1.626	False	False	1169	4.862				phi 0,1,2 excluded
302	DELTA_GE_3_PROVED	C:\mcdo_ramsey_MASTER43\01_VALIDATION\MDO_R55_REFERENCE_CANDIDATE_V27E_STABLE\MDO_R55_REFERENCE_CANDIDATE_V27E_20260509_032316\r55_42some.g6	151	complement	4c63c8a5652f7c532744239f6fee4effccc97d89eac4bcdc7056bbff7a0f74a4	0	0	1136	1180	False	False	65	0.305	False	False	373	1.585	False	False	1169	4.744				phi 0,1,2 excluded
303	DELTA_GE_3_PROVED	C:\mcdo_ramsey_MASTER43\01_VALIDATION\MDO_R55_REFERENCE_CANDIDATE_V27E_STABLE\MDO_R55_REFERENCE_CANDIDATE_V27E_20260509_032316\r55_42some.g6	152	source	e2ed4b6ab3176b8c11bb926a4d43e7a9334bcc87fd71dab79dde178759cd97f8	0	0	1193	1128	False	False	63	0.297	False	False	325	1.38	False	False	927	3.849				phi 0,1,2 excluded
304	DELTA_GE_3_PROVED	C:\mcdo_ramsey_MASTER43\01_VALIDATION\MDO_R55_REFERENCE_CANDIDATE_V27E_STABLE\MDO_R55_REFERENCE_CANDIDATE_V27E_20260509_032316\r55_42some.g6	152	complement	761d67422783f3d3c796f44e5c37de5c2f6d22656fd5124c3c7dd1ec9dde9fef	0	0	1128	1193	False	False	63	0.3	False	False	325	1.405	False	False	927	3.891				phi 0,1,2 excluded
305	DELTA_GE_3_PROVED	C:\mcdo_ramsey_MASTER43\01_VALIDATION\MDO_R55_REFERENCE_CANDIDATE_V27E_STABLE\MDO_R55_REFERENCE_CANDIDATE_V27E_20260509_032316\r55_42some.g6	153	source	2072aa71c993c3c4c7a8e448f52b1e5a9186b979fd34770ac453d6ada9181751	0	0	1163	1147	False	False	93	0.429	False	False	461	1.95	False	False	1387	5.593				phi 0,1,2 excluded
306	DELTA_GE_3_PROVED	C:\mcdo_ramsey_MASTER43\01_VALIDATION\MDO_R55_REFERENCE_CANDIDATE_V27E_STABLE\MDO_R55_REFERENCE_CANDIDATE_V27E_20260509_032316\r55_42some.g6	153	complement	237a88fef5c55d1bf6f0c31601ccbf0a99e5cb1a8b8315d44c9d791e611275b6	0	0	1147	1163	False	False	93	0.431	False	False	461	1.958	False	False	1387	5.647				phi 0,1,2 excluded
307	DELTA_GE_3_PROVED	C:\mcdo_ramsey_MASTER43\01_VALIDATION\MDO_R55_REFERENCE_CANDIDATE_V27E_STABLE\MDO_R55_REFERENCE_CANDIDATE_V27E_20260509_032316\r55_42some.g6	154	source	95f758c144aaa9023ca3ddc657e12906ddee4ceee6876b6711f3f93a0895abe2	0	0	1176	1139	False	False	65	0.314	False	False	369	1.602	False	False	1141	4.74				phi 0,1,2 excluded
308	DELTA_GE_3_PROVED	C:\mcdo_ramsey_MASTER43\01_VALIDATION\MDO_R55_REFERENCE_CANDIDATE_V27E_STABLE\MDO_R55_REFERENCE_CANDIDATE_V27E_20260509_032316\r55_42some.g6	154	complement	dbd083a8792452a86050e90ddfbbaeec526b46e6e7a75258101d5c0a7049d68f	0	0	1139	1176	False	False	65	0.308	False	False	369	1.568	False	False	1141	4.645				phi 0,1,2 excluded
309	DELTA_GE_3_PROVED	C:\mcdo_ramsey_MASTER43\01_VALIDATION\MDO_R55_REFERENCE_CANDIDATE_V27E_STABLE\MDO_R55_REFERENCE_CANDIDATE_V27E_20260509_032316\r55_42some.g6	155	source	511ac4b170321076adda3e61d2418c97d70f9627da653f2a4a9721a4b18c67a4	0	0	1150	1154	False	False	121	0.549	False	False	619	2.51	False	False	1627	6.423				phi 0,1,2 excluded
310	DELTA_GE_3_PROVED	C:\mcdo_ramsey_MASTER43\01_VALIDATION\MDO_R55_REFERENCE_CANDIDATE_V27E_STABLE\MDO_R55_REFERENCE_CANDIDATE_V27E_20260509_032316\r55_42some.g6	155	complement	c334b2746d44a9bee76e344c8712f8b7159d17552624b8578134a64930fdbe96	0	0	1154	1150	False	False	121	0.55	False	False	619	2.522	False	False	1627	6.463				phi 0,1,2 excluded
311	DELTA_GE_3_PROVED	C:\mcdo_ramsey_MASTER43\01_VALIDATION\MDO_R55_REFERENCE_CANDIDATE_V27E_STABLE\MDO_R55_REFERENCE_CANDIDATE_V27E_20260509_032316\r55_42some.g6	156	source	3da46c1ce163857cdc3d1efc94002c166119a76fe042e0b1627bebed845de7c2	0	0	1150	1152	False	False	117	0.539	False	False	593	2.45	False	False	1661	6.555				phi 0,1,2 excluded
312	DELTA_GE_3_PROVED	C:\mcdo_ramsey_MASTER43\01_VALIDATION\MDO_R55_REFERENCE_CANDIDATE_V27E_STABLE\MDO_R55_REFERENCE_CANDIDATE_V27E_20260509_032316\r55_42some.g6	156	complement	83b0e68e856a7564fb0b68ad8430d9d01fa2b8fc2393b2597029f0d3559774b7	0	0	1152	1150	False	False	117	0.539	False	False	593	2.47	False	False	1661	6.646				phi 0,1,2 excluded
313	DELTA_GE_3_PROVED	C:\mcdo_ramsey_MASTER43\01_VALIDATION\MDO_R55_REFERENCE_CANDIDATE_V27E_STABLE\MDO_R55_REFERENCE_CANDIDATE_V27E_20260509_032316\r55_42some.g6	157	source	fd070f70a4628ffabf9ebfba422bb0e6bd3ef0e107327011240730e191f65db0	0	0	1144	1153	False	False	113	0.52	False	False	595	2.452	False	False	1679	6.666				phi 0,1,2 excluded
314	DELTA_GE_3_PROVED	C:\mcdo_ramsey_MASTER43\01_VALIDATION\MDO_R55_REFERENCE_CANDIDATE_V27E_STABLE\MDO_R55_REFERENCE_CANDIDATE_V27E_20260509_032316\r55_42some.g6	157	complement	aa3b9c9bf7ad8d53551a1915cd880c2ef6e97d4c1b4d75a0293c0f022889cbea	0	0	1153	1144	False	False	113	0.522	False	False	595	2.517	False	False	1679	6.618				phi 0,1,2 excluded
315	DELTA_GE_3_PROVED	C:\mcdo_ramsey_MASTER43\01_VALIDATION\MDO_R55_REFERENCE_CANDIDATE_V27E_STABLE\MDO_R55_REFERENCE_CANDIDATE_V27E_20260509_032316\r55_42some.g6	158	source	6ddd5270e218be4e0dc41b69aa70e85d9b84658f3f38e0489213d7746ae82f4b	0	0	1157	1143	False	False	133	0.601	False	False	701	2.852	False	False	1975	7.686				phi 0,1,2 excluded
316	DELTA_GE_3_PROVED	C:\mcdo_ramsey_MASTER43\01_VALIDATION\MDO_R55_REFERENCE_CANDIDATE_V27E_STABLE\MDO_R55_REFERENCE_CANDIDATE_V27E_20260509_032316\r55_42some.g6	158	complement	07a459585dcfe1c25caf311921ea359225c3a5ff8b3a7cd2a87adae15213b6e9	0	0	1143	1157	False	False	133	0.618	False	False	701	2.905	False	False	1975	7.841				phi 0,1,2 excluded
317	DELTA_GE_3_PROVED	C:\mcdo_ramsey_MASTER43\01_VALIDATION\MDO_R55_REFERENCE_CANDIDATE_V27E_STABLE\MDO_R55_REFERENCE_CANDIDATE_V27E_20260509_032316\r55_42some.g6	159	source	408fdf616d5d2ca10870feceb361d37716f33f6986d01fedb8d780545e0d7e58	0	0	1157	1140	False	False	117	0.528	False	False	593	2.437	False	False	1649	6.505				phi 0,1,2 excluded
318	DELTA_GE_3_PROVED	C:\mcdo_ramsey_MASTER43\01_VALIDATION\MDO_R55_REFERENCE_CANDIDATE_V27E_STABLE\MDO_R55_REFERENCE_CANDIDATE_V27E_20260509_032316\r55_42some.g6	159	complement	e7a81e1608711f879ab4588c373371fd5a068069b038fefee674ff9e35a38527	0	0	1140	1157	False	False	117	0.536	False	False	593	2.459	False	False	1649	6.56				phi 0,1,2 excluded
319	DELTA_GE_3_PROVED	C:\mcdo_ramsey_MASTER43\01_VALIDATION\MDO_R55_REFERENCE_CANDIDATE_V27E_STABLE\MDO_R55_REFERENCE_CANDIDATE_V27E_20260509_032316\r55_42some.g6	160	source	8d2e26528fab75b4e0f2d52c903c1b6b9396905d14679b06620eb195ba59f5b0	0	0	1170	1133	False	False	103	0.474	False	False	583	2.401	False	False	1579	6.269				phi 0,1,2 excluded
320	DELTA_GE_3_PROVED	C:\mcdo_ramsey_MASTER43\01_VALIDATION\MDO_R55_REFERENCE_CANDIDATE_V27E_STABLE\MDO_R55_REFERENCE_CANDIDATE_V27E_20260509_032316\r55_42some.g6	160	complement	fa6b3c9d78286a81650747f4d728de7746848bb58a16c5614010217571c22b48	0	0	1133	1170	False	False	103	0.476	False	False	583	2.411	False	False	1579	6.291				phi 0,1,2 excluded
321	DELTA_GE_3_PROVED	C:\mcdo_ramsey_MASTER43\01_VALIDATION\MDO_R55_REFERENCE_CANDIDATE_V27E_STABLE\MDO_R55_REFERENCE_CANDIDATE_V27E_20260509_032316\r55_42some.g6	161	source	e11d3a226ce5267a81fb87f53f05bf4caa5bd4e24e79850f1cea0bfd9e3c1e25	0	0	1183	1123	False	False	105	0.472	False	False	529	2.181	False	False	1461	5.832				phi 0,1,2 excluded
322	DELTA_GE_3_PROVED	C:\mcdo_ramsey_MASTER43\01_VALIDATION\MDO_R55_REFERENCE_CANDIDATE_V27E_STABLE\MDO_R55_REFERENCE_CANDIDATE_V27E_20260509_032316\r55_42some.g6	161	complement	4bf54a5ec08e1c13335c4f618bee6cdb7bbc301e1c7c54ef76f9c2e08cf8ff82	0	0	1123	1183	False	False	105	0.478	False	False	529	2.2	False	False	1461	5.866				phi 0,1,2 excluded
323	DELTA_GE_3_PROVED	C:\mcdo_ramsey_MASTER43\01_VALIDATION\MDO_R55_REFERENCE_CANDIDATE_V27E_STABLE\MDO_R55_REFERENCE_CANDIDATE_V27E_20260509_032316\r55_42some.g6	162	source	0b7a6522183c2a770202b426396872a8e4a9a8289cafd3ae160ee8a8be609e79	0	0	1170	1133	False	False	95	0.435	False	False	527	2.166	False	False	1493	5.92				phi 0,1,2 excluded
324	DELTA_GE_3_PROVED	C:\mcdo_ramsey_MASTER43\01_VALIDATION\MDO_R55_REFERENCE_CANDIDATE_V27E_STABLE\MDO_R55_REFERENCE_CANDIDATE_V27E_20260509_032316\r55_42some.g6	162	complement	b5602ddad9a5fe9e43be7626befa798aaa958e2f8e9914c2a4888eb36da1b56b	0	0	1133	1170	False	False	95	0.434	False	False	527	2.181	False	False	1493	5.947				phi 0,1,2 excluded
325	DELTA_GE_3_PROVED	C:\mcdo_ramsey_MASTER43\01_VALIDATION\MDO_R55_REFERENCE_CANDIDATE_V27E_STABLE\MDO_R55_REFERENCE_CANDIDATE_V27E_20260509_032316\r55_42some.g6	163	source	98852964d99852828e857cd3af1876b76027ae4546215cb050fc2d313ccd5f71	0	0	1170	1130	False	False	105	0.475	False	False	547	2.248	False	False	1571	6.24				phi 0,1,2 excluded
326	DELTA_GE_3_PROVED	C:\mcdo_ramsey_MASTER43\01_VALIDATION\MDO_R55_REFERENCE_CANDIDATE_V27E_STABLE\MDO_R55_REFERENCE_CANDIDATE_V27E_20260509_032316\r55_42some.g6	163	complement	5dc42b68102c984ce42cea2be8d2ed33e96fe89670ed6baac5c09adca06e1b3a	0	0	1130	1170	False	False	105	0.479	False	False	547	2.274	False	False	1571	6.3				phi 0,1,2 excluded
327	DELTA_GE_3_PROVED	C:\mcdo_ramsey_MASTER43\01_VALIDATION\MDO_R55_REFERENCE_CANDIDATE_V27E_STABLE\MDO_R55_REFERENCE_CANDIDATE_V27E_20260509_032316\r55_42some.g6	164	source	e603987635f4b6d2585f984547daaaff9021dde9b482f2015c48c37ca0d0041e	0	0	1157	1143	False	False	99	0.448	False	False	529	2.165	False	False	1511	5.955				phi 0,1,2 excluded
328	DELTA_GE_3_PROVED	C:\mcdo_ramsey_MASTER43\01_VALIDATION\MDO_R55_REFERENCE_CANDIDATE_V27E_STABLE\MDO_R55_REFERENCE_CANDIDATE_V27E_20260509_032316\r55_42some.g6	164	complement	4598a6447a2e559fbeb2c9e627e0acabe60a5d990ce1f8aee440ca4024c43633	0	0	1143	1157	False	False	99	0.45	False	False	529	2.192	False	False	1511	6.019				phi 0,1,2 excluded
329	DELTA_GE_3_PROVED	C:\mcdo_ramsey_MASTER43\01_VALIDATION\MDO_R55_REFERENCE_CANDIDATE_V27E_STABLE\MDO_R55_REFERENCE_CANDIDATE_V27E_20260509_032316\r55_42some.g6	165	source	14b8776ec09390dd1aba7815001be6742e5144f7f8c16e364477d69b7a021603	0	0	1187	1121	False	False	121	0.541	False	False	637	2.588	False	False	1587	6.278				phi 0,1,2 excluded
330	DELTA_GE_3_PROVED	C:\mcdo_ramsey_MASTER43\01_VALIDATION\MDO_R55_REFERENCE_CANDIDATE_V27E_STABLE\MDO_R55_REFERENCE_CANDIDATE_V27E_20260509_032316\r55_42some.g6	165	complement	b256f411f5b7617f12457c3db9154c3ad53751b016828f477f6eba3bc76ec8f5	0	0	1121	1187	False	False	121	0.541	False	False	637	2.581	False	False	1587	6.285				phi 0,1,2 excluded
331	DELTA_GE_3_PROVED	C:\mcdo_ramsey_MASTER43\01_VALIDATION\MDO_R55_REFERENCE_CANDIDATE_V27E_STABLE\MDO_R55_REFERENCE_CANDIDATE_V27E_20260509_032316\r55_42some.g6	166	source	1e85394125a3dd72beec8cbc91eb5df69122a2878d1977606cda09ce169ff94d	0	0	1174	1131	False	False	119	0.531	False	False	625	2.538	False	False	1595	6.304				phi 0,1,2 excluded
332	DELTA_GE_3_PROVED	C:\mcdo_ramsey_MASTER43\01_VALIDATION\MDO_R55_REFERENCE_CANDIDATE_V27E_STABLE\MDO_R55_REFERENCE_CANDIDATE_V27E_20260509_032316\r55_42some.g6	166	complement	af6a7a5af25df796f682b697d381b5db6dc0a9a201bfc275e8c94c726aa053f6	0	0	1131	1174	False	False	119	0.543	False	False	625	2.598	False	False	1595	6.474				phi 0,1,2 excluded
333	DELTA_GE_3_PROVED	C:\mcdo_ramsey_MASTER43\01_VALIDATION\MDO_R55_REFERENCE_CANDIDATE_V27E_STABLE\MDO_R55_REFERENCE_CANDIDATE_V27E_20260509_032316\r55_42some.g6	167	source	a6c1a9a63969756c1d342d30bc86730b82c27ab3270d8b4accfe8ee63298553b	0	0	1138	1166	False	False	67	0.313	False	False	349	1.506	False	False	1043	4.37				phi 0,1,2 excluded
334	DELTA_GE_3_PROVED	C:\mcdo_ramsey_MASTER43\01_VALIDATION\MDO_R55_REFERENCE_CANDIDATE_V27E_STABLE\MDO_R55_REFERENCE_CANDIDATE_V27E_20260509_032316\r55_42some.g6	167	complement	1940bd613e31b1218c08126f542312146077df85977b1a2928feb136e2ad419d	0	0	1166	1138	False	False	67	0.311	False	False	349	1.478	False	False	1043	4.278				phi 0,1,2 excluded
335	DELTA_GE_3_PROVED	C:\mcdo_ramsey_MASTER43\01_VALIDATION\MDO_R55_REFERENCE_CANDIDATE_V27E_STABLE\MDO_R55_REFERENCE_CANDIDATE_V27E_20260509_032316\r55_42some.g6	168	source	e73e1b92ea2b714d9607d304d12ad557e806592a4ec18f18b0ada1a1430eac41	0	0	1164	1139	False	False	83	0.375	False	False	489	2.018	False	False	1447	5.699				phi 0,1,2 excluded
336	DELTA_GE_3_PROVED	C:\mcdo_ramsey_MASTER43\01_VALIDATION\MDO_R55_REFERENCE_CANDIDATE_V27E_STABLE\MDO_R55_REFERENCE_CANDIDATE_V27E_20260509_032316\r55_42some.g6	168	complement	496f327b23ea58e253b320b019c581d2a80afa121dae1cb066ba0ae37042763a	0	0	1139	1164	False	False	83	0.382	False	False	489	2.018	False	False	1447	5.771				phi 0,1,2 excluded
337	DELTA_GE_3_PROVED	C:\mcdo_ramsey_MASTER43\01_VALIDATION\MDO_R55_REFERENCE_CANDIDATE_V27E_STABLE\MDO_R55_REFERENCE_CANDIDATE_V27E_20260509_032316\r55_42some.g6	169	source	a2845dbeb5ecb8d4fe74b411ca92d669291896c346e1abc8d63112679aaa91b0	0	0	1177	1131	False	False	89	0.415	False	False	467	1.957	False	False	1421	5.691				phi 0,1,2 excluded
338	DELTA_GE_3_PROVED	C:\mcdo_ramsey_MASTER43\01_VALIDATION\MDO_R55_REFERENCE_CANDIDATE_V27E_STABLE\MDO_R55_REFERENCE_CANDIDATE_V27E_20260509_032316\r55_42some.g6	169	complement	9f6f8cf452a38c81d304c7a0b79464cb161c6e8af560731538af6eb374a919f1	0	0	1131	1177	False	False	89	0.409	False	False	467	1.927	False	False	1421	5.632				phi 0,1,2 excluded
339	DELTA_GE_3_PROVED	C:\mcdo_ramsey_MASTER43\01_VALIDATION\MDO_R55_REFERENCE_CANDIDATE_V27E_STABLE\MDO_R55_REFERENCE_CANDIDATE_V27E_20260509_032316\r55_42some.g6	170	source	fc71e0415f281f5e8652b2e74ed3969541fa0612b664271d3a4a4289caae99e5	0	0	1151	1151	False	False	81	0.37	False	False	447	1.837	False	False	1389	5.469				phi 0,1,2 excluded
340	DELTA_GE_3_PROVED	C:\mcdo_ramsey_MASTER43\01_VALIDATION\MDO_R55_REFERENCE_CANDIDATE_V27E_STABLE\MDO_R55_REFERENCE_CANDIDATE_V27E_20260509_032316\r55_42some.g6	170	complement	036d38d1f955f8d0fe4fce7a21f66b3bf8905771c193b1df3f95499fdf9668ff	0	0	1151	1151	False	False	81	0.374	False	False	447	1.858	False	False	1389	5.516				phi 0,1,2 excluded
341	DELTA_GE_3_PROVED	C:\mcdo_ramsey_MASTER43\01_VALIDATION\MDO_R55_REFERENCE_CANDIDATE_V27E_STABLE\MDO_R55_REFERENCE_CANDIDATE_V27E_20260509_032316\r55_42some.g6	171	source	a4bab19161852d1705c1011bfba5b0acad09aca0a79c278bee3066f0b99d889e	0	0	1175	1136	False	False	141	0.64	False	False	717	2.915	False	False	1829	7.239				phi 0,1,2 excluded
342	DELTA_GE_3_PROVED	C:\mcdo_ramsey_MASTER43\01_VALIDATION\MDO_R55_REFERENCE_CANDIDATE_V27E_STABLE\MDO_R55_REFERENCE_CANDIDATE_V27E_20260509_032316\r55_42some.g6	171	complement	9caf56d0638e7624177808250a6435d2c8daecd4ae5e1b1072054e6bb25f4f04	0	0	1136	1175	False	False	141	0.653	False	False	717	2.962	False	False	1829	7.281				phi 0,1,2 excluded
343	DELTA_GE_3_PROVED	C:\mcdo_ramsey_MASTER43\01_VALIDATION\MDO_R55_REFERENCE_CANDIDATE_V27E_STABLE\MDO_R55_REFERENCE_CANDIDATE_V27E_20260509_032316\r55_42some.g6	172	source	b83668240171828b136eaba3bd1f15bed051c27ca612c2e8943c97be98481514	0	0	1194	1121	False	False	87	0.395	False	False	505	2.081	False	False	1371	5.45				phi 0,1,2 excluded
344	DELTA_GE_3_PROVED	C:\mcdo_ramsey_MASTER43\01_VALIDATION\MDO_R55_REFERENCE_CANDIDATE_V27E_STABLE\MDO_R55_REFERENCE_CANDIDATE_V27E_20260509_032316\r55_42some.g6	172	complement	f09cc044cb2b27e3e47c8ddd9dbb05d7f8f8e6e1822fe28fa21645f7eb5b0c2d	0	0	1121	1194	False	False	87	0.399	False	False	505	2.11	False	False	1371	5.538				phi 0,1,2 excluded
345	DELTA_GE_3_PROVED	C:\mcdo_ramsey_MASTER43\01_VALIDATION\MDO_R55_REFERENCE_CANDIDATE_V27E_STABLE\MDO_R55_REFERENCE_CANDIDATE_V27E_20260509_032316\r55_42some.g6	173	source	a080d1d2d46777c01770ca543448e31627824525471043d769154edc24c0ad53	0	0	1183	1138	False	False	79	0.37	False	False	447	1.89	False	False	1307	5.269				phi 0,1,2 excluded
346	DELTA_GE_3_PROVED	C:\mcdo_ramsey_MASTER43\01_VALIDATION\MDO_R55_REFERENCE_CANDIDATE_V27E_STABLE\MDO_R55_REFERENCE_CANDIDATE_V27E_20260509_032316\r55_42some.g6	173	complement	6ef141676d3482e05a71b32e1739e21fbc0d055046b68892a7e7efd97d9a7a79	0	0	1138	1183	False	False	79	0.364	False	False	447	1.869	False	False	1307	5.22				phi 0,1,2 excluded
347	DELTA_GE_3_PROVED	C:\mcdo_ramsey_MASTER43\01_VALIDATION\MDO_R55_REFERENCE_CANDIDATE_V27E_STABLE\MDO_R55_REFERENCE_CANDIDATE_V27E_20260509_032316\r55_42some.g6	174	source	433f07cdb69a3db979cf95872be6b9ce3e16853e8ffabcac7fb45402d07c8f5c	0	0	1209	1119	False	False	109	0.501	False	False	563	2.357	False	False	1793	6.99				phi 0,1,2 excluded
348	DELTA_GE_3_PROVED	C:\mcdo_ramsey_MASTER43\01_VALIDATION\MDO_R55_REFERENCE_CANDIDATE_V27E_STABLE\MDO_R55_REFERENCE_CANDIDATE_V27E_20260509_032316\r55_42some.g6	174	complement	deff7ae85b491114cdc7ca4dba9ee10725778dcfdb39b59fb7300d640d6021e1	0	0	1119	1209	False	False	109	0.5	False	False	563	2.354	False	False	1793	7.056				phi 0,1,2 excluded
349	DELTA_GE_3_PROVED	C:\mcdo_ramsey_MASTER43\01_VALIDATION\MDO_R55_REFERENCE_CANDIDATE_V27E_STABLE\MDO_R55_REFERENCE_CANDIDATE_V27E_20260509_032316\r55_42some.g6	175	source	b4159fb3ca01ace5600a570d4b612359275cb57373b447e3a2442c98001f31ed	0	0	1170	1148	False	False	97	0.441	False	False	519	2.162	False	False	1555	6.16				phi 0,1,2 excluded
350	DELTA_GE_3_PROVED	C:\mcdo_ramsey_MASTER43\01_VALIDATION\MDO_R55_REFERENCE_CANDIDATE_V27E_STABLE\MDO_R55_REFERENCE_CANDIDATE_V27E_20260509_032316\r55_42some.g6	175	complement	4149c57952d34d34db412a820f644a4d3ed342b8a18a8a54f4e6490d4bfd607d	0	0	1148	1170	False	False	97	0.455	False	False	519	2.183	False	False	1555	6.19				phi 0,1,2 excluded
351	DELTA_GE_3_PROVED	C:\mcdo_ramsey_MASTER43\01_VALIDATION\MDO_R55_REFERENCE_CANDIDATE_V27E_STABLE\MDO_R55_REFERENCE_CANDIDATE_V27E_20260509_032316\r55_42some.g6	176	source	3ef0176a2faf128b2da3d7baa16b267aeb41999a1e817aa42fec82eee32dd935	0	0	1196	1129	False	False	129	0.59	False	False	651	2.681	False	False	1845	7.272				phi 0,1,2 excluded
352	DELTA_GE_3_PROVED	C:\mcdo_ramsey_MASTER43\01_VALIDATION\MDO_R55_REFERENCE_CANDIDATE_V27E_STABLE\MDO_R55_REFERENCE_CANDIDATE_V27E_20260509_032316\r55_42some.g6	176	complement	8a3313984a799e7a4475995e9b9bcf6152d58f5914987d94bf45f76222a53d17	0	0	1129	1196	False	False	129	0.596	False	False	651	2.745	False	False	1845	7.404				phi 0,1,2 excluded
353	DELTA_GE_3_PROVED	C:\mcdo_ramsey_MASTER43\01_VALIDATION\MDO_R55_REFERENCE_CANDIDATE_V27E_STABLE\MDO_R55_REFERENCE_CANDIDATE_V27E_20260509_032316\r55_42some.g6	177	source	bac4398a1475cecc5d5e173e0905175abd063b8ea21291302a1cebc71a25753c	0	0	1183	1138	False	False	97	0.457	False	False	531	2.266	False	False	1497	6.12				phi 0,1,2 excluded
354	DELTA_GE_3_PROVED	C:\mcdo_ramsey_MASTER43\01_VALIDATION\MDO_R55_REFERENCE_CANDIDATE_V27E_STABLE\MDO_R55_REFERENCE_CANDIDATE_V27E_20260509_032316\r55_42some.g6	177	complement	c42581c744181d55f686ba48dbb5b4e4c1f00b94873ce8b3e6ef778cf0f3b38f	0	0	1138	1183	False	False	97	0.449	False	False	531	2.223	False	False	1497	5.977				phi 0,1,2 excluded
355	DELTA_GE_3_PROVED	C:\mcdo_ramsey_MASTER43\01_VALIDATION\MDO_R55_REFERENCE_CANDIDATE_V27E_STABLE\MDO_R55_REFERENCE_CANDIDATE_V27E_20260509_032316\r55_42some.g6	178	source	0364531b104dc77da50d5c656bfd6d91fe12b72c65d2d9640e3310d61e336c43	0	0	1162	1145	False	False	103	0.472	False	False	509	2.131	False	False	1529	6.101				phi 0,1,2 excluded
356	DELTA_GE_3_PROVED	C:\mcdo_ramsey_MASTER43\01_VALIDATION\MDO_R55_REFERENCE_CANDIDATE_V27E_STABLE\MDO_R55_REFERENCE_CANDIDATE_V27E_20260509_032316\r55_42some.g6	178	complement	67b47381943c1278bf995257104ab75a8dfbef0d335eb51705b5bea9a8f2a169	0	0	1145	1162	False	False	103	0.485	False	False	509	2.151	False	False	1529	6.087				phi 0,1,2 excluded
357	DELTA_GE_3_PROVED	C:\mcdo_ramsey_MASTER43\01_VALIDATION\MDO_R55_REFERENCE_CANDIDATE_V27E_STABLE\MDO_R55_REFERENCE_CANDIDATE_V27E_20260509_032316\r55_42some.g6	179	source	3afe3283713c132cf184915440fa2e6221008bad840dd9368eb47d8bb4904c2e	0	0	1196	1126	False	False	129	0.589	False	False	649	2.671	False	False	1877	7.322				phi 0,1,2 excluded
358	DELTA_GE_3_PROVED	C:\mcdo_ramsey_MASTER43\01_VALIDATION\MDO_R55_REFERENCE_CANDIDATE_V27E_STABLE\MDO_R55_REFERENCE_CANDIDATE_V27E_20260509_032316\r55_42some.g6	179	complement	d6fd00548ace07d0da563b5a5b598ff9d5d64ac708e36b6a31128381dc2a0b7b	0	0	1126	1196	False	False	129	0.585	False	False	649	2.679	False	False	1877	7.315				phi 0,1,2 excluded
359	DELTA_GE_3_PROVED	C:\mcdo_ramsey_MASTER43\01_VALIDATION\MDO_R55_REFERENCE_CANDIDATE_V27E_STABLE\MDO_R55_REFERENCE_CANDIDATE_V27E_20260509_032316\r55_42some.g6	180	source	c13260d4458bc9e41b9b8d22ded0b49b70a622919fe09f5877f61b95891ac373	0	0	1193	1125	False	False	73	0.339	False	False	403	1.713	False	False	1129	4.657				phi 0,1,2 excluded
360	DELTA_GE_3_PROVED	C:\mcdo_ramsey_MASTER43\01_VALIDATION\MDO_R55_REFERENCE_CANDIDATE_V27E_STABLE\MDO_R55_REFERENCE_CANDIDATE_V27E_20260509_032316\r55_42some.g6	180	complement	a50a8f74df259f4c19c8a83ef6fe51112ff4f40c9ce4751ccdb779cc784089d9	0	0	1125	1193	False	False	73	0.347	False	False	403	1.721	False	False	1129	4.643				phi 0,1,2 excluded
361	DELTA_GE_3_PROVED	C:\mcdo_ramsey_MASTER43\01_VALIDATION\MDO_R55_REFERENCE_CANDIDATE_V27E_STABLE\MDO_R55_REFERENCE_CANDIDATE_V27E_20260509_032316\r55_42some.g6	181	source	15731ea7401f80b8cf11a251fc3796d678cdb75027facc22de1d4b07834a67e8	0	0	1180	1135	False	False	97	0.447	False	False	485	2.053	False	False	1351	5.435				phi 0,1,2 excluded
362	DELTA_GE_3_PROVED	C:\mcdo_ramsey_MASTER43\01_VALIDATION\MDO_R55_REFERENCE_CANDIDATE_V27E_STABLE\MDO_R55_REFERENCE_CANDIDATE_V27E_20260509_032316\r55_42some.g6	181	complement	b567cde9ed59b7f67ad295b08bfec5e299b53b654a099386ba263dc6c717f2c4	0	0	1135	1180	False	False	97	0.445	False	False	485	2.029	False	False	1351	5.45				phi 0,1,2 excluded
363	DELTA_GE_3_PROVED	C:\mcdo_ramsey_MASTER43\01_VALIDATION\MDO_R55_REFERENCE_CANDIDATE_V27E_STABLE\MDO_R55_REFERENCE_CANDIDATE_V27E_20260509_032316\r55_42some.g6	182	source	c066cace38bafb9584a75f1007286f6f353f94d8f54fb583f10d0a56af8d7c76	0	0	1163	1142	False	False	105	0.481	False	False	547	2.26	False	False	1531	6.115				phi 0,1,2 excluded
364	DELTA_GE_3_PROVED	C:\mcdo_ramsey_MASTER43\01_VALIDATION\MDO_R55_REFERENCE_CANDIDATE_V27E_STABLE\MDO_R55_REFERENCE_CANDIDATE_V27E_20260509_032316\r55_42some.g6	182	complement	a8f690f2d41910581646f2cf860c670550f778217f04aababa8be3576dbb6aba	0	0	1142	1163	False	False	105	0.478	False	False	547	2.256	False	False	1531	6.118				phi 0,1,2 excluded
365	DELTA_GE_3_PROVED	C:\mcdo_ramsey_MASTER43\01_VALIDATION\MDO_R55_REFERENCE_CANDIDATE_V27E_STABLE\MDO_R55_REFERENCE_CANDIDATE_V27E_20260509_032316\r55_42some.g6	183	source	ce9fa51e2a5e3d97620bbf3ba4f11ff8d46f0bd7d56d8b86d274fb9195209145	0	0	1154	1153	False	False	147	0.661	False	False	763	3.287	False	False	1977	7.764				phi 0,1,2 excluded
366	DELTA_GE_3_PROVED	C:\mcdo_ramsey_MASTER43\01_VALIDATION\MDO_R55_REFERENCE_CANDIDATE_V27E_STABLE\MDO_R55_REFERENCE_CANDIDATE_V27E_20260509_032316\r55_42some.g6	183	complement	9fbb568ae7d54d12e74906a681460ea1878011c93127bbbc36fe9bf835ba95cf	0	0	1153	1154	False	False	147	0.685	False	False	763	3.189	False	False	1977	7.971				phi 0,1,2 excluded
367	DELTA_GE_3_PROVED	C:\mcdo_ramsey_MASTER43\01_VALIDATION\MDO_R55_REFERENCE_CANDIDATE_V27E_STABLE\MDO_R55_REFERENCE_CANDIDATE_V27E_20260509_032316\r55_42some.g6	184	source	5a8a5e11c73947b23bc1d57aee941ddb9c8f4aec47884e7ea37172792a70ccd1	0	0	1167	1143	False	False	121	0.553	False	False	635	2.618	False	False	1593	6.39				phi 0,1,2 excluded
368	DELTA_GE_3_PROVED	C:\mcdo_ramsey_MASTER43\01_VALIDATION\MDO_R55_REFERENCE_CANDIDATE_V27E_STABLE\MDO_R55_REFERENCE_CANDIDATE_V27E_20260509_032316\r55_42some.g6	184	complement	253f1a1606909f6b7d797e3b2a2943bfcc1316db1f9270671f5837b5d38ef734	0	0	1143	1167	False	False	121	0.56	False	False	635	2.627	False	False	1593	6.404				phi 0,1,2 excluded
369	DELTA_GE_3_PROVED	C:\mcdo_ramsey_MASTER43\01_VALIDATION\MDO_R55_REFERENCE_CANDIDATE_V27E_STABLE\MDO_R55_REFERENCE_CANDIDATE_V27E_20260509_032316\r55_42some.g6	185	source	926b0fcf6922c355a1d0dfd5ccd8894f93b409cf892c04cf6349cc9482a002c7	0	0	1163	1144	False	False	85	0.395	False	False	459	1.928	False	False	1365	5.478				phi 0,1,2 excluded
370	DELTA_GE_3_PROVED	C:\mcdo_ramsey_MASTER43\01_VALIDATION\MDO_R55_REFERENCE_CANDIDATE_V27E_STABLE\MDO_R55_REFERENCE_CANDIDATE_V27E_20260509_032316\r55_42some.g6	185	complement	b88ed01d1e317000dd1edced0534e0f3028bcb65d69a595ac5375180c3a5a132	0	0	1144	1163	False	False	85	0.4	False	False	459	1.968	False	False	1365	5.473				phi 0,1,2 excluded
371	DELTA_GE_3_PROVED	C:\mcdo_ramsey_MASTER43\01_VALIDATION\MDO_R55_REFERENCE_CANDIDATE_V27E_STABLE\MDO_R55_REFERENCE_CANDIDATE_V27E_20260509_032316\r55_42some.g6	186	source	6409db7b051298aa96ebf64731a55878e9735f32e2b6cefd2614ebb47045d14c	0	0	1167	1142	False	False	137	0.625	False	False	721	2.961	False	False	1835	7.32				phi 0,1,2 excluded
372	DELTA_GE_3_PROVED	C:\mcdo_ramsey_MASTER43\01_VALIDATION\MDO_R55_REFERENCE_CANDIDATE_V27E_STABLE\MDO_R55_REFERENCE_CANDIDATE_V27E_20260509_032316\r55_42some.g6	186	complement	3120de767d68f8ae12ec5480155859c2a3b7752b34f64cbf36ac72af0591d083	0	0	1142	1167	False	False	137	0.637	False	False	721	2.979	False	False	1835	7.382				phi 0,1,2 excluded
373	DELTA_GE_3_PROVED	C:\mcdo_ramsey_MASTER43\01_VALIDATION\MDO_R55_REFERENCE_CANDIDATE_V27E_STABLE\MDO_R55_REFERENCE_CANDIDATE_V27E_20260509_032316\r55_42some.g6	187	source	43afbd554ae7648a0e0e27d19f6711c6146f3ed7a10352e78848d025972fbfac	0	0	1174	1138	False	False	73	0.344	False	False	383	1.62	False	False	1159	4.713				phi 0,1,2 excluded
374	DELTA_GE_3_PROVED	C:\mcdo_ramsey_MASTER43\01_VALIDATION\MDO_R55_REFERENCE_CANDIDATE_V27E_STABLE\MDO_R55_REFERENCE_CANDIDATE_V27E_20260509_032316\r55_42some.g6	187	complement	e2ce259640a73430472aaedc9c46ed0bdd0321ac6cdac03456eea8363ae18230	0	0	1138	1174	False	False	73	0.352	False	False	383	1.647	False	False	1159	4.758				phi 0,1,2 excluded
375	DELTA_GE_3_PROVED	C:\mcdo_ramsey_MASTER43\01_VALIDATION\MDO_R55_REFERENCE_CANDIDATE_V27E_STABLE\MDO_R55_REFERENCE_CANDIDATE_V27E_20260509_032316\r55_42some.g6	188	source	919aac27608bad51a7646f2a3612e54e98fcf27ae459297dc8267faacdf5ca65	0	0	1164	1141	False	False	85	0.392	False	False	449	1.856	False	False	1391	5.487				phi 0,1,2 excluded
376	DELTA_GE_3_PROVED	C:\mcdo_ramsey_MASTER43\01_VALIDATION\MDO_R55_REFERENCE_CANDIDATE_V27E_STABLE\MDO_R55_REFERENCE_CANDIDATE_V27E_20260509_032316\r55_42some.g6	188	complement	a17609a33f5be861875cdce7b2b1768fc8af07d5dc0b87be65bbfd1bbdd2e94a	0	0	1141	1164	False	False	85	0.396	False	False	449	1.873	False	False	1391	5.526				phi 0,1,2 excluded
377	DELTA_GE_3_PROVED	C:\mcdo_ramsey_MASTER43\01_VALIDATION\MDO_R55_REFERENCE_CANDIDATE_V27E_STABLE\MDO_R55_REFERENCE_CANDIDATE_V27E_20260509_032316\r55_42some.g6	189	source	54239bba1b05ad7c9da1e0d35afb63a23f1b56ee5cac30c26d58fe05f77dfa59	0	0	1164	1145	False	False	91	0.417	False	False	507	2.112	False	False	1507	6.022				phi 0,1,2 excluded
378	DELTA_GE_3_PROVED	C:\mcdo_ramsey_MASTER43\01_VALIDATION\MDO_R55_REFERENCE_CANDIDATE_V27E_STABLE\MDO_R55_REFERENCE_CANDIDATE_V27E_20260509_032316\r55_42some.g6	189	complement	725d42faa0025cc2438eba20137385c364a2f5ebd6a8f73784d698866d9cbfc4	0	0	1145	1164	False	False	91	0.427	False	False	507	2.116	False	False	1507	6.059				phi 0,1,2 excluded
379	DELTA_GE_3_PROVED	C:\mcdo_ramsey_MASTER43\01_VALIDATION\MDO_R55_REFERENCE_CANDIDATE_V27E_STABLE\MDO_R55_REFERENCE_CANDIDATE_V27E_20260509_032316\r55_42some.g6	190	source	71c39eb1dfe0d5eb2a9162d34eb0ff23dd0c2644016bb13253d06cf3f539565a	0	0	1189	1129	False	False	75	0.348	False	False	421	1.772	False	False	1131	4.627				phi 0,1,2 excluded
380	DELTA_GE_3_PROVED	C:\mcdo_ramsey_MASTER43\01_VALIDATION\MDO_R55_REFERENCE_CANDIDATE_V27E_STABLE\MDO_R55_REFERENCE_CANDIDATE_V27E_20260509_032316\r55_42some.g6	190	complement	c08c9520439bf7c1f19f337b985da7089ec83e2686f59b4be2a479de19589a11	0	0	1129	1189	False	False	75	0.349	False	False	421	1.77	False	False	1131	4.613				phi 0,1,2 excluded
381	DELTA_GE_3_PROVED	C:\mcdo_ramsey_MASTER43\01_VALIDATION\MDO_R55_REFERENCE_CANDIDATE_V27E_STABLE\MDO_R55_REFERENCE_CANDIDATE_V27E_20260509_032316\r55_42some.g6	191	source	cc8e9109b234362d5c4d1430876c00bdf6ca79d3702e4f904d25a2e0036d8ae2	0	0	1184	1130	False	False	87	0.401	False	False	539	2.233	False	False	1515	6.001				phi 0,1,2 excluded
382	DELTA_GE_3_PROVED	C:\mcdo_ramsey_MASTER43\01_VALIDATION\MDO_R55_REFERENCE_CANDIDATE_V27E_STABLE\MDO_R55_REFERENCE_CANDIDATE_V27E_20260509_032316\r55_42some.g6	191	complement	793f86ed696a0e47a87f973ff10c555398fcc15d1498ee8c501bd85a27d2e376	0	0	1130	1184	False	False	87	0.4	False	False	539	2.213	False	False	1515	6.01				phi 0,1,2 excluded
383	DELTA_GE_3_PROVED	C:\mcdo_ramsey_MASTER43\01_VALIDATION\MDO_R55_REFERENCE_CANDIDATE_V27E_STABLE\MDO_R55_REFERENCE_CANDIDATE_V27E_20260509_032316\r55_42some.g6	192	source	b09a54ad815629cc3cce80a129befca71f5292fbfd5fabe3460225d3170e1810	0	0	1166	1145	False	False	87	0.401	False	False	453	1.89	False	False	1291	5.192				phi 0,1,2 excluded
384	DELTA_GE_3_PROVED	C:\mcdo_ramsey_MASTER43\01_VALIDATION\MDO_R55_REFERENCE_CANDIDATE_V27E_STABLE\MDO_R55_REFERENCE_CANDIDATE_V27E_20260509_032316\r55_42some.g6	192	complement	56f6a6650222584d22fec495f9b26b46aacfdbab8b03bbfab42a8fc1881506de	0	0	1145	1166	False	False	87	0.415	False	False	453	1.925	False	False	1291	5.23				phi 0,1,2 excluded
385	DELTA_GE_3_PROVED	C:\mcdo_ramsey_MASTER43\01_VALIDATION\MDO_R55_REFERENCE_CANDIDATE_V27E_STABLE\MDO_R55_REFERENCE_CANDIDATE_V27E_20260509_032316\r55_42some.g6	193	source	f127ed0289f66b56f59e3b1369a74e10f8fd1a751d21429f9f9a3df8e3da4390	0	0	1153	1161	False	False	85	0.394	False	False	467	1.932	False	False	1307	5.23				phi 0,1,2 excluded
386	DELTA_GE_3_PROVED	C:\mcdo_ramsey_MASTER43\01_VALIDATION\MDO_R55_REFERENCE_CANDIDATE_V27E_STABLE\MDO_R55_REFERENCE_CANDIDATE_V27E_20260509_032316\r55_42some.g6	193	complement	0eba8fbc46d040016dcff455b1486fe9624f8aff0c295b6d7e3c64f38483b3b8	0	0	1161	1153	False	False	85	0.404	False	False	467	1.955	False	False	1307	5.273				phi 0,1,2 excluded
387	DELTA_GE_3_PROVED	C:\mcdo_ramsey_MASTER43\01_VALIDATION\MDO_R55_REFERENCE_CANDIDATE_V27E_STABLE\MDO_R55_REFERENCE_CANDIDATE_V27E_20260509_032316\r55_42some.g6	194	source	a13c15f7a22e7778ca76d83c989aaeaedf5f5a263a4d7e5434ac042b7faeaaa7	0	0	1171	1145	False	False	69	0.316	False	False	355	1.514	False	False	1137	4.577				phi 0,1,2 excluded
388	DELTA_GE_3_PROVED	C:\mcdo_ramsey_MASTER43\01_VALIDATION\MDO_R55_REFERENCE_CANDIDATE_V27E_STABLE\MDO_R55_REFERENCE_CANDIDATE_V27E_20260509_032316\r55_42some.g6	194	complement	2f917cd51d91c23c4b45794e1ad3b638a929b795e3ae546aa0407724c3384f95	0	0	1145	1171	False	False	69	0.316	False	False	355	1.514	False	False	1137	4.577				phi 0,1,2 excluded
389	DELTA_GE_3_PROVED	C:\mcdo_ramsey_MASTER43\01_VALIDATION\MDO_R55_REFERENCE_CANDIDATE_V27E_STABLE\MDO_R55_REFERENCE_CANDIDATE_V27E_20260509_032316\r55_42some.g6	195	source	7402f9c791fde9ed9f7bf99f175551e66723d135dcfa0a044ae7a3f4bdcdc074	0	0	1170	1130	False	False	95	0.434	False	False	485	2.03	False	False	1465	5.859				phi 0,1,2 excluded
390	DELTA_GE_3_PROVED	C:\mcdo_ramsey_MASTER43\01_VALIDATION\MDO_R55_REFERENCE_CANDIDATE_V27E_STABLE\MDO_R55_REFERENCE_CANDIDATE_V27E_20260509_032316\r55_42some.g6	195	complement	0640b1df918c05505db42548dfda15b2bbfc864b6865003ec2b77db8faaa621c	0	0	1130	1170	False	False	95	0.451	False	False	485	2.092	False	False	1465	5.971				phi 0,1,2 excluded
391	DELTA_GE_3_PROVED	C:\mcdo_ramsey_MASTER43\01_VALIDATION\MDO_R55_REFERENCE_CANDIDATE_V27E_STABLE\MDO_R55_REFERENCE_CANDIDATE_V27E_20260509_032316\r55_42some.g6	196	source	1261b959c41d211dbc1d1ae5e8f32837f91b0a3141d751153c9b204fca12edfc	0	0	1185	1121	False	False	89	0.408	False	False	463	1.914	False	False	1247	4.997				phi 0,1,2 excluded
392	DELTA_GE_3_PROVED	C:\mcdo_ramsey_MASTER43\01_VALIDATION\MDO_R55_REFERENCE_CANDIDATE_V27E_STABLE\MDO_R55_REFERENCE_CANDIDATE_V27E_20260509_032316\r55_42some.g6	196	complement	f310bf3b3bca0413ac431c4009a2d59e3c22a1b9c385e63be1976040156171e5	0	0	1121	1185	False	False	89	0.414	False	False	463	1.958	False	False	1247	5.088				phi 0,1,2 excluded
393	DELTA_GE_3_PROVED	C:\mcdo_ramsey_MASTER43\01_VALIDATION\MDO_R55_REFERENCE_CANDIDATE_V27E_STABLE\MDO_R55_REFERENCE_CANDIDATE_V27E_20260509_032316\r55_42some.g6	197	source	440e58b523aa7c8836fb20c929aa06af45335ed39ee948212de066833d74f785	0	0	1161	1137	False	False	99	0.452	False	False	567	2.294	False	False	1471	5.798				phi 0,1,2 excluded
394	DELTA_GE_3_PROVED	C:\mcdo_ramsey_MASTER43\01_VALIDATION\MDO_R55_REFERENCE_CANDIDATE_V27E_STABLE\MDO_R55_REFERENCE_CANDIDATE_V27E_20260509_032316\r55_42some.g6	197	complement	aca35d1b0f2a3e31b79108b5620f57131d316a46d53d57047a15ea28f88d5161	0	0	1137	1161	False	False	99	0.449	False	False	567	2.311	False	False	1471	5.865				phi 0,1,2 excluded
395	DELTA_GE_3_PROVED	C:\mcdo_ramsey_MASTER43\01_VALIDATION\MDO_R55_REFERENCE_CANDIDATE_V27E_STABLE\MDO_R55_REFERENCE_CANDIDATE_V27E_20260509_032316\r55_42some.g6	198	source	5d0d9d6f51fcd65965ca41b072f859183bd4bdd325226aca2069ca7e7f43f36e	0	0	1174	1130	False	False	71	0.328	False	False	347	1.482	False	False	1145	4.626				phi 0,1,2 excluded
396	DELTA_GE_3_PROVED	C:\mcdo_ramsey_MASTER43\01_VALIDATION\MDO_R55_REFERENCE_CANDIDATE_V27E_STABLE\MDO_R55_REFERENCE_CANDIDATE_V27E_20260509_032316\r55_42some.g6	198	complement	07f83beb1db85a275a0eeaeb3da9ab094932a111e020a642db16cee2c76d2ad5	0	0	1130	1174	False	False	71	0.333	False	False	347	1.501	False	False	1145	4.706				phi 0,1,2 excluded
397	DELTA_GE_3_PROVED	C:\mcdo_ramsey_MASTER43\01_VALIDATION\MDO_R55_REFERENCE_CANDIDATE_V27E_STABLE\MDO_R55_REFERENCE_CANDIDATE_V27E_20260509_032316\r55_42some.g6	199	source	5549a2848a0bb195a01ff477b25d5653670f34f225f749d1d04e7632d6482dc5	0	0	1186	1122	False	False	89	0.405	False	False	483	2.007	False	False	1385	5.525				phi 0,1,2 excluded
398	DELTA_GE_3_PROVED	C:\mcdo_ramsey_MASTER43\01_VALIDATION\MDO_R55_REFERENCE_CANDIDATE_V27E_STABLE\MDO_R55_REFERENCE_CANDIDATE_V27E_20260509_032316\r55_42some.g6	199	complement	c2d059f96adcd610e673e68bff7d3e08363dd8ea9c615a31622d095f79ab0743	0	0	1122	1186	False	False	89	0.412	False	False	483	2.016	False	False	1385	5.559				phi 0,1,2 excluded
399	DELTA_GE_3_PROVED	C:\mcdo_ramsey_MASTER43\01_VALIDATION\MDO_R55_REFERENCE_CANDIDATE_V27E_STABLE\MDO_R55_REFERENCE_CANDIDATE_V27E_20260509_032316\r55_42some.g6	200	source	91dcb25c0e48d2151b189978cec7a1abd301eab4183889cc5e05bbce1a2bd9f2	0	0	1173	1129	False	False	91	0.416	False	False	513	2.109	False	False	1401	5.563				phi 0,1,2 excluded
400	DELTA_GE_3_PROVED	C:\mcdo_ramsey_MASTER43\01_VALIDATION\MDO_R55_REFERENCE_CANDIDATE_V27E_STABLE\MDO_R55_REFERENCE_CANDIDATE_V27E_20260509_032316\r55_42some.g6	200	complement	594f0693fe193362f82a80da41742f37da01ef0a055db3d90c3043e228c371e7	0	0	1129	1173	False	False	91	0.418	False	False	513	2.124	False	False	1401	5.58				phi 0,1,2 excluded
401	DELTA_GE_3_PROVED	C:\mcdo_ramsey_MASTER43\01_VALIDATION\MDO_R55_REFERENCE_CANDIDATE_V27E_STABLE\MDO_R55_REFERENCE_CANDIDATE_V27E_20260509_032316\r55_42some.g6	201	source	7d638f8d6442fbc258b7f8c3a97eda79e7657d72fde2aa202d4d8a920acc4fc8	0	0	1175	1128	False	False	97	0.453	False	False	503	2.115	False	False	1447	5.843				phi 0,1,2 excluded
402	DELTA_GE_3_PROVED	C:\mcdo_ramsey_MASTER43\01_VALIDATION\MDO_R55_REFERENCE_CANDIDATE_V27E_STABLE\MDO_R55_REFERENCE_CANDIDATE_V27E_20260509_032316\r55_42some.g6	201	complement	01353b882ade8df6c81bd029dfd1ba96fdf82edc529d7eb0f068f4af06c81d9b	0	0	1128	1175	False	False	97	0.469	False	False	503	2.191	False	False	1447	6.032				phi 0,1,2 excluded
403	DELTA_GE_3_PROVED	C:\mcdo_ramsey_MASTER43\01_VALIDATION\MDO_R55_REFERENCE_CANDIDATE_V27E_STABLE\MDO_R55_REFERENCE_CANDIDATE_V27E_20260509_032316\r55_42some.g6	202	source	d6f315c0162894d3c92a837a72baff7e4189edcf66862cc631bb8d40ea85cd91	0	0	1188	1121	False	False	97	0.447	False	False	479	2.037	False	False	1423	5.772				phi 0,1,2 excluded
404	DELTA_GE_3_PROVED	C:\mcdo_ramsey_MASTER43\01_VALIDATION\MDO_R55_REFERENCE_CANDIDATE_V27E_STABLE\MDO_R55_REFERENCE_CANDIDATE_V27E_20260509_032316\r55_42some.g6	202	complement	93c0537071a10f8fdad78748b028d5133290f3cc2a5a6547b553ff984431b419	0	0	1121	1188	False	False	97	0.461	False	False	479	2.077	False	False	1423	5.873				phi 0,1,2 excluded
405	DELTA_GE_3_PROVED	C:\mcdo_ramsey_MASTER43\01_VALIDATION\MDO_R55_REFERENCE_CANDIDATE_V27E_STABLE\MDO_R55_REFERENCE_CANDIDATE_V27E_20260509_032316\r55_42some.g6	203	source	99bc7a7762c52922c13a6b0e4c18e2c4c7d310a509ffe59b71f0f461f33d6493	0	0	1188	1120	False	False	121	0.555	False	False	575	2.412	False	False	1663	6.645				phi 0,1,2 excluded
406	DELTA_GE_3_PROVED	C:\mcdo_ramsey_MASTER43\01_VALIDATION\MDO_R55_REFERENCE_CANDIDATE_V27E_STABLE\MDO_R55_REFERENCE_CANDIDATE_V27E_20260509_032316\r55_42some.g6	203	complement	4c709ac003ac59bea4ef5a479b1dfa7eec5a503932c2da590588efef484c61b8	0	0	1120	1188	False	False	121	0.565	False	False	575	2.444	False	False	1663	6.743				phi 0,1,2 excluded
407	DELTA_GE_3_PROVED	C:\mcdo_ramsey_MASTER43\01_VALIDATION\MDO_R55_REFERENCE_CANDIDATE_V27E_STABLE\MDO_R55_REFERENCE_CANDIDATE_V27E_20260509_032316\r55_42some.g6	204	source	8fe301f26899cb85f172a8455396bad1bad34934dfa39674418e417fd38f6888	0	0	1201	1113	False	False	121	0.551	False	False	575	2.424	False	False	1679	6.693				phi 0,1,2 excluded
408	DELTA_GE_3_PROVED	C:\mcdo_ramsey_MASTER43\01_VALIDATION\MDO_R55_REFERENCE_CANDIDATE_V27E_STABLE\MDO_R55_REFERENCE_CANDIDATE_V27E_20260509_032316\r55_42some.g6	204	complement	0a302a3e6ff08159aaad1edf86424ff36bdf2c6e43579c67e71ac9a094208dc0	0	0	1113	1201	False	False	121	0.559	False	False	575	2.422	False	False	1679	6.718				phi 0,1,2 excluded
409	DELTA_GE_3_PROVED	C:\mcdo_ramsey_MASTER43\01_VALIDATION\MDO_R55_REFERENCE_CANDIDATE_V27E_STABLE\MDO_R55_REFERENCE_CANDIDATE_V27E_20260509_032316\r55_42some.g6	205	source	82d6dc3abcb1c9b4aecfd89b16d4614eea238eab86d7557520eb38f82cdcf4ff	0	0	1157	1140	False	False	97	0.442	False	False	535	2.193	False	False	1473	5.824				phi 0,1,2 excluded
410	DELTA_GE_3_PROVED	C:\mcdo_ramsey_MASTER43\01_VALIDATION\MDO_R55_REFERENCE_CANDIDATE_V27E_STABLE\MDO_R55_REFERENCE_CANDIDATE_V27E_20260509_032316\r55_42some.g6	205	complement	3103a43e30469332d33775caf1dbc0332c1470e618bd99d3961259e8e4f76419	0	0	1140	1157	False	False	97	0.449	False	False	535	2.222	False	False	1473	5.92				phi 0,1,2 excluded
411	DELTA_GE_3_PROVED	C:\mcdo_ramsey_MASTER43\01_VALIDATION\MDO_R55_REFERENCE_CANDIDATE_V27E_STABLE\MDO_R55_REFERENCE_CANDIDATE_V27E_20260509_032316\r55_42some.g6	206	source	d471150b32765237fab9bcf2149b470aef2466afb12d7605c7cf40261b6e558d	0	0	1170	1133	False	False	71	0.327	False	False	351	1.499	False	False	1135	4.584				phi 0,1,2 excluded
412	DELTA_GE_3_PROVED	C:\mcdo_ramsey_MASTER43\01_VALIDATION\MDO_R55_REFERENCE_CANDIDATE_V27E_STABLE\MDO_R55_REFERENCE_CANDIDATE_V27E_20260509_032316\r55_42some.g6	206	complement	93594c4feb231514c647976b288c4500d82bea7d7d3e42564e93689ccfe4ca72	0	0	1133	1170	False	False	71	0.33	False	False	351	1.492	False	False	1135	4.597				phi 0,1,2 excluded
413	DELTA_GE_3_PROVED	C:\mcdo_ramsey_MASTER43\01_VALIDATION\MDO_R55_REFERENCE_CANDIDATE_V27E_STABLE\MDO_R55_REFERENCE_CANDIDATE_V27E_20260509_032316\r55_42some.g6	207	source	90605e794aaa811728e6b4686e81d721521a0deb29a20ecb1f83dfb362187ac0	0	0	1172	1131	False	False	75	0.348	False	False	389	1.66	False	False	1117	4.603				phi 0,1,2 excluded
414	DELTA_GE_3_PROVED	C:\mcdo_ramsey_MASTER43\01_VALIDATION\MDO_R55_REFERENCE_CANDIDATE_V27E_STABLE\MDO_R55_REFERENCE_CANDIDATE_V27E_20260509_032316\r55_42some.g6	207	complement	f6e105dcfbdc499bc5cd2f668470ae16683c76ceb84580531cd5a5534dbc962d	0	0	1131	1172	False	False	75	0.349	False	False	389	1.645	False	False	1117	4.55				phi 0,1,2 excluded
415	DELTA_GE_3_PROVED	C:\mcdo_ramsey_MASTER43\01_VALIDATION\MDO_R55_REFERENCE_CANDIDATE_V27E_STABLE\MDO_R55_REFERENCE_CANDIDATE_V27E_20260509_032316\r55_42some.g6	208	source	3c07ae7d764d4bc88c044e3416a3ac82cdd6a2cd20daf2fb11200b09eb28af3a	0	0	1185	1124	False	False	75	0.345	False	False	391	1.65	False	False	1127	4.581				phi 0,1,2 excluded
416	DELTA_GE_3_PROVED	C:\mcdo_ramsey_MASTER43\01_VALIDATION\MDO_R55_REFERENCE_CANDIDATE_V27E_STABLE\MDO_R55_REFERENCE_CANDIDATE_V27E_20260509_032316\r55_42some.g6	208	complement	2b5b25398846797d95c390b00ce4e1d5d29e04f7c196c1b4dd54f43a6d4cf427	0	0	1124	1185	False	False	75	0.349	False	False	391	1.656	False	False	1127	4.626				phi 0,1,2 excluded
417	DELTA_GE_3_PROVED	C:\mcdo_ramsey_MASTER43\01_VALIDATION\MDO_R55_REFERENCE_CANDIDATE_V27E_STABLE\MDO_R55_REFERENCE_CANDIDATE_V27E_20260509_032316\r55_42some.g6	209	source	3484389d4b96e6cc8eef08e4b17e2036b5153a2fb42e5d57a27fe2d30e5fb2b8	0	0	1171	1128	False	False	99	0.46	False	False	573	2.381	False	False	1465	5.826				phi 0,1,2 excluded
418	DELTA_GE_3_PROVED	C:\mcdo_ramsey_MASTER43\01_VALIDATION\MDO_R55_REFERENCE_CANDIDATE_V27E_STABLE\MDO_R55_REFERENCE_CANDIDATE_V27E_20260509_032316\r55_42some.g6	209	complement	a7a0573063cf559a19dfd35e5bdae59ff6dccadaafb8fb901bd82a2ed133b0e6	0	0	1128	1171	False	False	99	0.457	False	False	573	2.352	False	False	1465	5.838				phi 0,1,2 excluded
419	DELTA_GE_3_PROVED	C:\mcdo_ramsey_MASTER43\01_VALIDATION\MDO_R55_REFERENCE_CANDIDATE_V27E_STABLE\MDO_R55_REFERENCE_CANDIDATE_V27E_20260509_032316\r55_42some.g6	210	source	bdad50f0c52e767b6628b8b59702dcaec5ea97944ba1a8a8dd9b110966b0d429	0	0	1184	1121	False	False	71	0.329	False	False	347	1.486	False	False	1131	4.589				phi 0,1,2 excluded
420	DELTA_GE_3_PROVED	C:\mcdo_ramsey_MASTER43\01_VALIDATION\MDO_R55_REFERENCE_CANDIDATE_V27E_STABLE\MDO_R55_REFERENCE_CANDIDATE_V27E_20260509_032316\r55_42some.g6	210	complement	b4bb9cba8025c15ee05baaf1588afd624398078b0fa329db84fe78b9aff97776	0	0	1121	1184	False	False	71	0.336	False	False	347	1.515	False	False	1131	4.704				phi 0,1,2 excluded
421	DELTA_GE_3_PROVED	C:\mcdo_ramsey_MASTER43\01_VALIDATION\MDO_R55_REFERENCE_CANDIDATE_V27E_STABLE\MDO_R55_REFERENCE_CANDIDATE_V27E_20260509_032316\r55_42some.g6	211	source	f6d227bc78534a3215dd46192508a07f3c49fb789df12a03349e75e28e74cee9	0	0	1183	1120	False	False	91	0.423	False	False	481	2.038	False	False	1407	5.674				phi 0,1,2 excluded
422	DELTA_GE_3_PROVED	C:\mcdo_ramsey_MASTER43\01_VALIDATION\MDO_R55_REFERENCE_CANDIDATE_V27E_STABLE\MDO_R55_REFERENCE_CANDIDATE_V27E_20260509_032316\r55_42some.g6	211	complement	7a93853ee930d95c7f806f7b9a77adcd130b1e73aabaa740e3e7c66de14b6110	0	0	1120	1183	False	False	91	0.431	False	False	481	2.06	False	False	1407	5.723				phi 0,1,2 excluded
423	DELTA_GE_3_PROVED	C:\mcdo_ramsey_MASTER43\01_VALIDATION\MDO_R55_REFERENCE_CANDIDATE_V27E_STABLE\MDO_R55_REFERENCE_CANDIDATE_V27E_20260509_032316\r55_42some.g6	212	source	9d478c4c8b2ddc6174b15cd3096427bf1e83bc6e5fb05235217044f8a847c1a9	0	0	1196	1113	False	False	89	0.407	False	False	479	2.017	False	False	1393	5.593				phi 0,1,2 excluded
424	DELTA_GE_3_PROVED	C:\mcdo_ramsey_MASTER43\01_VALIDATION\MDO_R55_REFERENCE_CANDIDATE_V27E_STABLE\MDO_R55_REFERENCE_CANDIDATE_V27E_20260509_032316\r55_42some.g6	212	complement	0519c2a3a174a3fd8408ca5abdae1d28c6e77497c52e4f2dce66e22c335ca118	0	0	1113	1196	False	False	89	0.408	False	False	479	2.017	False	False	1393	5.611				phi 0,1,2 excluded
425	DELTA_GE_3_PROVED	C:\mcdo_ramsey_MASTER43\01_VALIDATION\MDO_R55_REFERENCE_CANDIDATE_V27E_STABLE\MDO_R55_REFERENCE_CANDIDATE_V27E_20260509_032316\r55_42some.g6	213	source	b4ef136352dd2e9578e27bc5218469e873a6c6204bc2fa5d4b89820f744c22c7	0	0	1185	1119	False	False	93	0.427	False	False	475	2.009	False	False	1397	5.694				phi 0,1,2 excluded
426	DELTA_GE_3_PROVED	C:\mcdo_ramsey_MASTER43\01_VALIDATION\MDO_R55_REFERENCE_CANDIDATE_V27E_STABLE\MDO_R55_REFERENCE_CANDIDATE_V27E_20260509_032316\r55_42some.g6	213	complement	b96b04c6b9742a294a5d4420bf86a55f80cce84d8fe63bbea3b4cdc22db32745	0	0	1119	1185	False	False	93	0.429	False	False	475	1.987	False	False	1397	5.603				phi 0,1,2 excluded
427	DELTA_GE_3_PROVED	C:\mcdo_ramsey_MASTER43\01_VALIDATION\MDO_R55_REFERENCE_CANDIDATE_V27E_STABLE\MDO_R55_REFERENCE_CANDIDATE_V27E_20260509_032316\r55_42some.g6	214	source	d5aceb036a4d074197f288411925617f3879e87f53554698e2af9c0840b6657a	0	0	1198	1112	False	False	93	0.425	False	False	461	1.952	False	False	1425	5.723				phi 0,1,2 excluded
428	DELTA_GE_3_PROVED	C:\mcdo_ramsey_MASTER43\01_VALIDATION\MDO_R55_REFERENCE_CANDIDATE_V27E_STABLE\MDO_R55_REFERENCE_CANDIDATE_V27E_20260509_032316\r55_42some.g6	214	complement	7f332423d284c505c57011e21aabcf6d234285d720e42c42b53479dcb8bcf941	0	0	1112	1198	False	False	93	0.436	False	False	461	1.949	False	False	1425	5.737				phi 0,1,2 excluded
429	DELTA_GE_3_PROVED	C:\mcdo_ramsey_MASTER43\01_VALIDATION\MDO_R55_REFERENCE_CANDIDATE_V27E_STABLE\MDO_R55_REFERENCE_CANDIDATE_V27E_20260509_032316\r55_42some.g6	215	source	a2158f6918465e8e77e7c91c433ca1e73e882c61fea01353cfa216b9150c8980	0	0	1198	1111	False	False	121	0.555	False	False	573	2.427	False	False	1653	6.666				phi 0,1,2 excluded
430	DELTA_GE_3_PROVED	C:\mcdo_ramsey_MASTER43\01_VALIDATION\MDO_R55_REFERENCE_CANDIDATE_V27E_STABLE\MDO_R55_REFERENCE_CANDIDATE_V27E_20260509_032316\r55_42some.g6	215	complement	ef713e51be214f428c28b56f5b5ebe561034b5ec2a74601e2760aaa52d5cfea6	0	0	1111	1198	False	False	121	0.57	False	False	573	2.446	False	False	1653	6.703				phi 0,1,2 excluded
431	DELTA_GE_3_PROVED	C:\mcdo_ramsey_MASTER43\01_VALIDATION\MDO_R55_REFERENCE_CANDIDATE_V27E_STABLE\MDO_R55_REFERENCE_CANDIDATE_V27E_20260509_032316\r55_42some.g6	216	source	c2080070b9be7a0560cd8d5bff56757d0703204f0070268e40759adc0bc037f1	0	0	1198	1114	False	False	95	0.438	False	False	483	2.017	False	False	1349	5.441				phi 0,1,2 excluded
432	DELTA_GE_3_PROVED	C:\mcdo_ramsey_MASTER43\01_VALIDATION\MDO_R55_REFERENCE_CANDIDATE_V27E_STABLE\MDO_R55_REFERENCE_CANDIDATE_V27E_20260509_032316\r55_42some.g6	216	complement	494b22de0bee46cdb25e71d6d62f203268b9de69872d3af9c268f767e335c390	0	0	1114	1198	False	False	95	0.444	False	False	483	2.034	False	False	1349	5.47				phi 0,1,2 excluded
433	DELTA_GE_3_PROVED	C:\mcdo_ramsey_MASTER43\01_VALIDATION\MDO_R55_REFERENCE_CANDIDATE_V27E_STABLE\MDO_R55_REFERENCE_CANDIDATE_V27E_20260509_032316\r55_42some.g6	217	source	b8cee92eda56bbc74e9727b8a79a52fb613f50123bad11b4063d8ea6ceb43249	0	0	1183	1123	False	False	93	0.429	False	False	481	2.003	False	False	1417	5.672				phi 0,1,2 excluded
434	DELTA_GE_3_PROVED	C:\mcdo_ramsey_MASTER43\01_VALIDATION\MDO_R55_REFERENCE_CANDIDATE_V27E_STABLE\MDO_R55_REFERENCE_CANDIDATE_V27E_20260509_032316\r55_42some.g6	217	complement	4aeee5434f0086e18d6961da0e21634c00c78631c225be8495ac5cf1db501526	0	0	1123	1183	False	False	93	0.43	False	False	481	2.024	False	False	1417	5.721				phi 0,1,2 excluded
435	DELTA_GE_3_PROVED	C:\mcdo_ramsey_MASTER43\01_VALIDATION\MDO_R55_REFERENCE_CANDIDATE_V27E_STABLE\MDO_R55_REFERENCE_CANDIDATE_V27E_20260509_032316\r55_42some.g6	218	source	343fba2f7ee99e12c8d6c35a3f423db91b3f935b8ff26266878f8456ddf9fa1a	0	0	1181	1132	False	False	101	0.461	False	False	519	2.19	False	False	1531	6.21				phi 0,1,2 excluded
436	DELTA_GE_3_PROVED	C:\mcdo_ramsey_MASTER43\01_VALIDATION\MDO_R55_REFERENCE_CANDIDATE_V27E_STABLE\MDO_R55_REFERENCE_CANDIDATE_V27E_20260509_032316\r55_42some.g6	218	complement	abeb9b225548981ae5161329693977aec61d436363e6886b60796caac6b0c3ef	0	0	1132	1181	False	False	101	0.463	False	False	519	2.162	False	False	1531	6.137				phi 0,1,2 excluded
437	DELTA_GE_3_PROVED	C:\mcdo_ramsey_MASTER43\01_VALIDATION\MDO_R55_REFERENCE_CANDIDATE_V27E_STABLE\MDO_R55_REFERENCE_CANDIDATE_V27E_20260509_032316\r55_42some.g6	219	source	811d97f2511ab6f6783c7b9fd3faad21cc60b190db741de58826fbaee22788f2	0	0	1178	1137	False	False	63	0.299	False	False	347	1.503	False	False	985	4.15				phi 0,1,2 excluded
438	DELTA_GE_3_PROVED	C:\mcdo_ramsey_MASTER43\01_VALIDATION\MDO_R55_REFERENCE_CANDIDATE_V27E_STABLE\MDO_R55_REFERENCE_CANDIDATE_V27E_20260509_032316\r55_42some.g6	219	complement	6470d08136057bc9d802a5b47f9a6c73d8c57d75b3abc44893fb732c85a2d7ce	0	0	1137	1178	False	False	63	0.301	False	False	347	1.491	False	False	985	4.104				phi 0,1,2 excluded
439	DELTA_GE_3_PROVED	C:\mcdo_ramsey_MASTER43\01_VALIDATION\MDO_R55_REFERENCE_CANDIDATE_V27E_STABLE\MDO_R55_REFERENCE_CANDIDATE_V27E_20260509_032316\r55_42some.g6	220	source	9fde2bdee334703f5611c2ec4245dff2b63f981eda4d8de5d7fdf500a9229814	0	0	1165	1147	False	False	95	0.437	False	False	499	2.076	False	False	1445	5.789				phi 0,1,2 excluded
440	DELTA_GE_3_PROVED	C:\mcdo_ramsey_MASTER43\01_VALIDATION\MDO_R55_REFERENCE_CANDIDATE_V27E_STABLE\MDO_R55_REFERENCE_CANDIDATE_V27E_20260509_032316\r55_42some.g6	220	complement	b81ff220f061623727ca9ae3a28e6a7ada2ad84d8455703eb333cfa521edbe65	0	0	1147	1165	False	False	95	0.45	False	False	499	2.101	False	False	1445	5.852				phi 0,1,2 excluded
441	DELTA_GE_3_PROVED	C:\mcdo_ramsey_MASTER43\01_VALIDATION\MDO_R55_REFERENCE_CANDIDATE_V27E_STABLE\MDO_R55_REFERENCE_CANDIDATE_V27E_20260509_032316\r55_42some.g6	221	source	df032e30ca04212bec5e5b172b56e409a0910865bbe525c42754cb4ccf88fd9d	0	0	1158	1159	False	False	129	0.577	False	False	645	2.642	False	False	1701	6.703				phi 0,1,2 excluded
442	DELTA_GE_3_PROVED	C:\mcdo_ramsey_MASTER43\01_VALIDATION\MDO_R55_REFERENCE_CANDIDATE_V27E_STABLE\MDO_R55_REFERENCE_CANDIDATE_V27E_20260509_032316\r55_42some.g6	221	complement	07d6f76d8f68c1af08f29c8c58161b0a5705a9fc8db4f32691d2ba55aab67155	0	0	1159	1158	False	False	129	0.591	False	False	645	2.658	False	False	1701	6.751				phi 0,1,2 excluded
443	DELTA_GE_3_PROVED	C:\mcdo_ramsey_MASTER43\01_VALIDATION\MDO_R55_REFERENCE_CANDIDATE_V27E_STABLE\MDO_R55_REFERENCE_CANDIDATE_V27E_20260509_032316\r55_42some.g6	222	source	c6bf1c2ce93365dc0a4e94f2eb04b67259ab2506e4193d1a359341e957d89f64	0	0	1141	1171	False	False	97	0.456	False	False	469	1.991	False	False	1347	5.54				phi 0,1,2 excluded
444	DELTA_GE_3_PROVED	C:\mcdo_ramsey_MASTER43\01_VALIDATION\MDO_R55_REFERENCE_CANDIDATE_V27E_STABLE\MDO_R55_REFERENCE_CANDIDATE_V27E_20260509_032316\r55_42some.g6	222	complement	96a7f3b886849b5ab0cc42d515125ef526b4d7afd16e5bda85a635ddf0c90d50	0	0	1171	1141	False	False	97	0.445	False	False	469	1.982	False	False	1347	5.466				phi 0,1,2 excluded
445	DELTA_GE_3_PROVED	C:\mcdo_ramsey_MASTER43\01_VALIDATION\MDO_R55_REFERENCE_CANDIDATE_V27E_STABLE\MDO_R55_REFERENCE_CANDIDATE_V27E_20260509_032316\r55_42some.g6	223	source	e56ff811c735c5425867f5d47b5645d67553f4754e4f35f24e0906d98962ddb3	0	0	1171	1147	False	False	115	0.527	False	False	597	2.451	False	False	1739	6.843				phi 0,1,2 excluded
446	DELTA_GE_3_PROVED	C:\mcdo_ramsey_MASTER43\01_VALIDATION\MDO_R55_REFERENCE_CANDIDATE_V27E_STABLE\MDO_R55_REFERENCE_CANDIDATE_V27E_20260509_032316\r55_42some.g6	223	complement	7a398cfd86db0301ee4d33ee9477b474ed46ec60bc202b6c7ce2059fc6b33f01	0	0	1147	1171	False	False	115	0.532	False	False	597	2.479	False	False	1739	6.884				phi 0,1,2 excluded
447	DELTA_GE_3_PROVED	C:\mcdo_ramsey_MASTER43\01_VALIDATION\MDO_R55_REFERENCE_CANDIDATE_V27E_STABLE\MDO_R55_REFERENCE_CANDIDATE_V27E_20260509_032316\r55_42some.g6	224	source	b7dac6294dd8142c88b2fde7fb0efdfe48cee02a1e882967830bf94161405cfc	0	0	1154	1159	False	False	71	0.333	False	False	349	1.521	False	False	1173	4.846				phi 0,1,2 excluded
448	DELTA_GE_3_PROVED	C:\mcdo_ramsey_MASTER43\01_VALIDATION\MDO_R55_REFERENCE_CANDIDATE_V27E_STABLE\MDO_R55_REFERENCE_CANDIDATE_V27E_20260509_032316\r55_42some.g6	224	complement	92cfc13adb644dfe05db9094876032233ea213990ceaf91609dc92fa4b534073	0	0	1159	1154	False	False	71	0.33	False	False	349	1.511	False	False	1173	4.799				phi 0,1,2 excluded
449	DELTA_GE_3_PROVED	C:\mcdo_ramsey_MASTER43\01_VALIDATION\MDO_R55_REFERENCE_CANDIDATE_V27E_STABLE\MDO_R55_REFERENCE_CANDIDATE_V27E_20260509_032316\r55_42some.g6	225	source	930b69ce8955c7138ed4a9cb809c4f14f3f0e3eccd949daba758be5ec4457314	0	0	1154	1158	False	False	87	0.401	False	False	415	1.776	False	False	1307	5.311				phi 0,1,2 excluded
450	DELTA_GE_3_PROVED	C:\mcdo_ramsey_MASTER43\01_VALIDATION\MDO_R55_REFERENCE_CANDIDATE_V27E_STABLE\MDO_R55_REFERENCE_CANDIDATE_V27E_20260509_032316\r55_42some.g6	225	complement	f4cfc66244037429a49d2c95517d4d1c8915ca768be92bde7d5446265b7e1313	0	0	1158	1154	False	False	87	0.403	False	False	415	1.767	False	False	1307	5.283				phi 0,1,2 excluded
451	DELTA_GE_3_PROVED	C:\mcdo_ramsey_MASTER43\01_VALIDATION\MDO_R55_REFERENCE_CANDIDATE_V27E_STABLE\MDO_R55_REFERENCE_CANDIDATE_V27E_20260509_032316\r55_42some.g6	226	source	468baf3f9f0dd99292a5612d6966c9e621e7eee86cf91d77ebe3920143ab2b28	0	0	1145	1161	False	False	99	0.458	False	False	505	2.119	False	False	1493	5.978				phi 0,1,2 excluded
452	DELTA_GE_3_PROVED	C:\mcdo_ramsey_MASTER43\01_VALIDATION\MDO_R55_REFERENCE_CANDIDATE_V27E_STABLE\MDO_R55_REFERENCE_CANDIDATE_V27E_20260509_032316\r55_42some.g6	226	complement	19b0a97c66e57f4b2d0773f44f8d70fc0ce622b85dc21d024c833b90650d718b	0	0	1161	1145	False	False	99	0.462	False	False	505	2.15	False	False	1493	6.093				phi 0,1,2 excluded
453	DELTA_GE_3_PROVED	C:\mcdo_ramsey_MASTER43\01_VALIDATION\MDO_R55_REFERENCE_CANDIDATE_V27E_STABLE\MDO_R55_REFERENCE_CANDIDATE_V27E_20260509_032316\r55_42some.g6	227	source	f16e5e145caf36067ab340b398f78be0317fdcd206eb4a7c56580053b8ad905e	0	0	1145	1169	False	False	143	0.645	False	False	733	2.964	False	False	2011	7.842				phi 0,1,2 excluded
454	DELTA_GE_3_PROVED	C:\mcdo_ramsey_MASTER43\01_VALIDATION\MDO_R55_REFERENCE_CANDIDATE_V27E_STABLE\MDO_R55_REFERENCE_CANDIDATE_V27E_20260509_032316\r55_42some.g6	227	complement	34a0b66a80f2dc78bc4565fa9a8c0a9785db9eb330f3575ac81b985c13ad6a94	0	0	1169	1145	False	False	143	0.667	False	False	733	3.059	False	False	2011	8.078				phi 0,1,2 excluded
455	DELTA_GE_3_PROVED	C:\mcdo_ramsey_MASTER43\01_VALIDATION\MDO_R55_REFERENCE_CANDIDATE_V27E_STABLE\MDO_R55_REFERENCE_CANDIDATE_V27E_20260509_032316\r55_42some.g6	228	source	395405482b2f9e809e2ffb6ecc0b783f5592fb576a52c312147c7037b671c334	0	0	1128	1181	False	False	83	0.389	False	False	475	2.009	False	False	1387	5.651				phi 0,1,2 excluded
456	DELTA_GE_3_PROVED	C:\mcdo_ramsey_MASTER43\01_VALIDATION\MDO_R55_REFERENCE_CANDIDATE_V27E_STABLE\MDO_R55_REFERENCE_CANDIDATE_V27E_20260509_032316\r55_42some.g6	228	complement	02edd666442fcaad01af0dca1771e6f968858f484d3bc9ef35955378e9ada294	0	0	1181	1128	False	False	83	0.383	False	False	475	1.981	False	False	1387	5.585				phi 0,1,2 excluded
457	DELTA_GE_3_PROVED	C:\mcdo_ramsey_MASTER43\01_VALIDATION\MDO_R55_REFERENCE_CANDIDATE_V27E_STABLE\MDO_R55_REFERENCE_CANDIDATE_V27E_20260509_032316\r55_42some.g6	229	source	5a4beb94249e65dc2ce0fcb7c19d3e12333e72b16172e68c06622e5fc469c4a6	0	0	1167	1149	False	False	69	0.322	False	False	337	1.455	False	False	1093	4.491				phi 0,1,2 excluded
458	DELTA_GE_3_PROVED	C:\mcdo_ramsey_MASTER43\01_VALIDATION\MDO_R55_REFERENCE_CANDIDATE_V27E_STABLE\MDO_R55_REFERENCE_CANDIDATE_V27E_20260509_032316\r55_42some.g6	229	complement	1b73e3fc732b609090933672c29aac3e99d2c2fdcf94ca62fadccbde2973b868	0	0	1149	1167	False	False	69	0.331	False	False	337	1.488	False	False	1093	4.57				phi 0,1,2 excluded
459	DELTA_GE_3_PROVED	C:\mcdo_ramsey_MASTER43\01_VALIDATION\MDO_R55_REFERENCE_CANDIDATE_V27E_STABLE\MDO_R55_REFERENCE_CANDIDATE_V27E_20260509_032316\r55_42some.g6	230	source	a54dc44a5be8d7ddfa86000f3a29a51e3767db8875d3a2e41fdbd0a68052f569	0	0	1163	1142	False	False	99	0.458	False	False	521	2.149	False	False	1457	5.786				phi 0,1,2 excluded
460	DELTA_GE_3_PROVED	C:\mcdo_ramsey_MASTER43\01_VALIDATION\MDO_R55_REFERENCE_CANDIDATE_V27E_STABLE\MDO_R55_REFERENCE_CANDIDATE_V27E_20260509_032316\r55_42some.g6	230	complement	6e9b964ad8285a4b4c6a2dd3ec5c3d7e29eb40d83aab878d4f6dae2e650f7ec8	0	0	1142	1163	False	False	99	0.462	False	False	521	2.185	False	False	1457	5.884				phi 0,1,2 excluded
461	DELTA_GE_3_PROVED	C:\mcdo_ramsey_MASTER43\01_VALIDATION\MDO_R55_REFERENCE_CANDIDATE_V27E_STABLE\MDO_R55_REFERENCE_CANDIDATE_V27E_20260509_032316\r55_42some.g6	231	source	84469f9dc07994aece9f86c5dd861f9a6ff007d26a5d346216e93783de9ea26d	0	0	1178	1133	False	False	95	0.437	False	False	489	2.031	False	False	1351	5.435				phi 0,1,2 excluded
462	DELTA_GE_3_PROVED	C:\mcdo_ramsey_MASTER43\01_VALIDATION\MDO_R55_REFERENCE_CANDIDATE_V27E_STABLE\MDO_R55_REFERENCE_CANDIDATE_V27E_20260509_032316\r55_42some.g6	231	complement	e97a5464405771f0bf3090585181cde45fb35831f85b3bbc50ba1238cd07ab9b	0	0	1133	1178	False	False	95	0.448	False	False	489	2.063	False	False	1351	5.461				phi 0,1,2 excluded
463	DELTA_GE_3_PROVED	C:\mcdo_ramsey_MASTER43\01_VALIDATION\MDO_R55_REFERENCE_CANDIDATE_V27E_STABLE\MDO_R55_REFERENCE_CANDIDATE_V27E_20260509_032316\r55_42some.g6	232	source	b6893cd45c533373101651a13ea5c14a2aff440c9ddd85e252fe1b12e6292c54	0	0	1191	1125	False	False	97	0.451	False	False	505	2.122	False	False	1317	5.347				phi 0,1,2 excluded
464	DELTA_GE_3_PROVED	C:\mcdo_ramsey_MASTER43\01_VALIDATION\MDO_R55_REFERENCE_CANDIDATE_V27E_STABLE\MDO_R55_REFERENCE_CANDIDATE_V27E_20260509_032316\r55_42some.g6	232	complement	97354501d87398fbb4d7d812292e64b74a9bd21c9a31275f4ecd2dd1f3bc59fb	0	0	1125	1191	False	False	97	0.458	False	False	505	2.141	False	False	1317	5.401				phi 0,1,2 excluded
465	DELTA_GE_3_PROVED	C:\mcdo_ramsey_MASTER43\01_VALIDATION\MDO_R55_REFERENCE_CANDIDATE_V27E_STABLE\MDO_R55_REFERENCE_CANDIDATE_V27E_20260509_032316\r55_42some.g6	233	source	d75695732a933fbfafa25be0f17d03684728a1c6637210295015bb4e4a53b772	0	0	1176	1134	False	False	73	0.338	False	False	401	1.684	False	False	1237	4.971				phi 0,1,2 excluded
466	DELTA_GE_3_PROVED	C:\mcdo_ramsey_MASTER43\01_VALIDATION\MDO_R55_REFERENCE_CANDIDATE_V27E_STABLE\MDO_R55_REFERENCE_CANDIDATE_V27E_20260509_032316\r55_42some.g6	233	complement	b0d15bb5fb0651dcb0943338e66dc90ac5387f73dfc6c1a1b2a726d222330a8a	0	0	1134	1176	False	False	73	0.346	False	False	401	1.718	False	False	1237	5.075				phi 0,1,2 excluded
467	DELTA_GE_3_PROVED	C:\mcdo_ramsey_MASTER43\01_VALIDATION\MDO_R55_REFERENCE_CANDIDATE_V27E_STABLE\MDO_R55_REFERENCE_CANDIDATE_V27E_20260509_032316\r55_42some.g6	234	source	16e3d530927b6695eca72e733cb64b5c065f46334cc68b88985df56228ffaf68	0	0	1154	1150	False	False	99	0.45	False	False	589	2.374	False	False	1443	5.701				phi 0,1,2 excluded
468	DELTA_GE_3_PROVED	C:\mcdo_ramsey_MASTER43\01_VALIDATION\MDO_R55_REFERENCE_CANDIDATE_V27E_STABLE\MDO_R55_REFERENCE_CANDIDATE_V27E_20260509_032316\r55_42some.g6	234	complement	e37a617e0f9a81d286a0af9563728ae43980815bd8c00f375e9e3742cbbd7e27	0	0	1150	1154	False	False	99	0.462	False	False	589	2.425	False	False	1443	5.854				phi 0,1,2 excluded
469	DELTA_GE_3_PROVED	C:\mcdo_ramsey_MASTER43\01_VALIDATION\MDO_R55_REFERENCE_CANDIDATE_V27E_STABLE\MDO_R55_REFERENCE_CANDIDATE_V27E_20260509_032316\r55_42some.g6	235	source	e2edfcc199235ce8408975e3bbbdd41a1e9f8381d561d6125ee8852f69c499b7	0	0	1167	1142	False	False	71	0.327	False	False	347	1.49	False	False	1127	4.593				phi 0,1,2 excluded
470	DELTA_GE_3_PROVED	C:\mcdo_ramsey_MASTER43\01_VALIDATION\MDO_R55_REFERENCE_CANDIDATE_V27E_STABLE\MDO_R55_REFERENCE_CANDIDATE_V27E_20260509_032316\r55_42some.g6	235	complement	866c821f232c9257a6543ba9f5fc6103d1358e471d0e8450be4575e3c138ea8a	0	0	1142	1167	False	False	71	0.331	False	False	347	1.5	False	False	1127	4.624				phi 0,1,2 excluded
471	DELTA_GE_3_PROVED	C:\mcdo_ramsey_MASTER43\01_VALIDATION\MDO_R55_REFERENCE_CANDIDATE_V27E_STABLE\MDO_R55_REFERENCE_CANDIDATE_V27E_20260509_032316\r55_42some.g6	236	source	7d2a885c65b85fb42fa5790dab92f08bd5ea6e027bbcad552cef703ecc6e429e	0	0	1179	1134	False	False	79	0.366	False	False	445	1.883	False	False	1315	5.29				phi 0,1,2 excluded
472	DELTA_GE_3_PROVED	C:\mcdo_ramsey_MASTER43\01_VALIDATION\MDO_R55_REFERENCE_CANDIDATE_V27E_STABLE\MDO_R55_REFERENCE_CANDIDATE_V27E_20260509_032316\r55_42some.g6	236	complement	965dd706012ad414212bd4bf0b9f6237a5342ce05db36bb0fa4ae48a2e4c6b05	0	0	1134	1179	False	False	79	0.374	False	False	445	1.892	False	False	1315	5.33				phi 0,1,2 excluded
473	DELTA_GE_3_PROVED	C:\mcdo_ramsey_MASTER43\01_VALIDATION\MDO_R55_REFERENCE_CANDIDATE_V27E_STABLE\MDO_R55_REFERENCE_CANDIDATE_V27E_20260509_032316\r55_42some.g6	237	source	33c4fa36d38a2ccb9247ce1dcc8ba98109c2e7bbb2b78a05cfea9eb4395677a3	0	0	1166	1142	False	False	89	0.417	False	False	517	2.141	False	False	1421	5.745				phi 0,1,2 excluded
474	DELTA_GE_3_PROVED	C:\mcdo_ramsey_MASTER43\01_VALIDATION\MDO_R55_REFERENCE_CANDIDATE_V27E_STABLE\MDO_R55_REFERENCE_CANDIDATE_V27E_20260509_032316\r55_42some.g6	237	complement	88c1f5b3195741f7b792f24bc595f7fbf855bf887d0bb35a269788aa2417f70f	0	0	1142	1166	False	False	89	0.417	False	False	517	2.145	False	False	1421	5.703				phi 0,1,2 excluded
475	DELTA_GE_3_PROVED	C:\mcdo_ramsey_MASTER43\01_VALIDATION\MDO_R55_REFERENCE_CANDIDATE_V27E_STABLE\MDO_R55_REFERENCE_CANDIDATE_V27E_20260509_032316\r55_42some.g6	238	source	d4f04a7b24e5750c73321be5e28813ee2f50747cbb5c73cd2b01f872b82a7947	0	0	1168	1141	False	False	97	0.457	False	False	493	2.109	False	False	1407	5.8				phi 0,1,2 excluded
476	DELTA_GE_3_PROVED	C:\mcdo_ramsey_MASTER43\01_VALIDATION\MDO_R55_REFERENCE_CANDIDATE_V27E_STABLE\MDO_R55_REFERENCE_CANDIDATE_V27E_20260509_032316\r55_42some.g6	238	complement	79b61695516524447cd402fc974dc012394120ef1cdff4fb2d91625f52607f0a	0	0	1141	1168	False	False	97	0.454	False	False	493	2.07	False	False	1407	5.727				phi 0,1,2 excluded
477	DELTA_GE_3_PROVED	C:\mcdo_ramsey_MASTER43\01_VALIDATION\MDO_R55_REFERENCE_CANDIDATE_V27E_STABLE\MDO_R55_REFERENCE_CANDIDATE_V27E_20260509_032316\r55_42some.g6	239	source	2da0317c0235fcb76b424ff6bee673176a54aba617d08ac7132ad2cc42c908c4	0	0	1181	1133	False	False	105	0.483	False	False	545	2.259	False	False	1463	5.869				phi 0,1,2 excluded
478	DELTA_GE_3_PROVED	C:\mcdo_ramsey_MASTER43\01_VALIDATION\MDO_R55_REFERENCE_CANDIDATE_V27E_STABLE\MDO_R55_REFERENCE_CANDIDATE_V27E_20260509_032316\r55_42some.g6	239	complement	f82e4dd7371fc0f3d17ca751f05184f45542fd9dfca3633cafa38610c8909d85	0	0	1133	1181	False	False	105	0.491	False	False	545	2.254	False	False	1463	5.85				phi 0,1,2 excluded
479	DELTA_GE_3_PROVED	C:\mcdo_ramsey_MASTER43\01_VALIDATION\MDO_R55_REFERENCE_CANDIDATE_V27E_STABLE\MDO_R55_REFERENCE_CANDIDATE_V27E_20260509_032316\r55_42some.g6	240	source	4119823177c3005325acf46010caab7aa64ffa741770cee6fbd21e3b5be68443	0	0	1181	1133	False	False	121	0.552	False	False	577	2.416	False	False	1677	6.713				phi 0,1,2 excluded
480	DELTA_GE_3_PROVED	C:\mcdo_ramsey_MASTER43\01_VALIDATION\MDO_R55_REFERENCE_CANDIDATE_V27E_STABLE\MDO_R55_REFERENCE_CANDIDATE_V27E_20260509_032316\r55_42some.g6	240	complement	87f4acda2ce37db2dd19704acecb640786c57e769f34461e12124448ec29d0ac	0	0	1133	1181	False	False	121	0.556	False	False	577	2.422	False	False	1677	6.69				phi 0,1,2 excluded
481	DELTA_GE_3_PROVED	C:\mcdo_ramsey_MASTER43\01_VALIDATION\MDO_R55_REFERENCE_CANDIDATE_V27E_STABLE\MDO_R55_REFERENCE_CANDIDATE_V27E_20260509_032316\r55_42some.g6	241	source	8e986e1ebdd8a74498b5cb9c89ef41a6e13067fa9639637adc8428448c90bcad	0	0	1194	1125	False	False	121	0.554	False	False	573	2.407	False	False	1669	6.684				phi 0,1,2 excluded
482	DELTA_GE_3_PROVED	C:\mcdo_ramsey_MASTER43\01_VALIDATION\MDO_R55_REFERENCE_CANDIDATE_V27E_STABLE\MDO_R55_REFERENCE_CANDIDATE_V27E_20260509_032316\r55_42some.g6	241	complement	0d7d99f49ce2498aa0d8b7ca28d03f2dcd7e9e8e3c35cf45e0b1b834e75959aa	0	0	1125	1194	False	False	121	0.561	False	False	573	2.415	False	False	1669	6.689				phi 0,1,2 excluded
483	DELTA_GE_3_PROVED	C:\mcdo_ramsey_MASTER43\01_VALIDATION\MDO_R55_REFERENCE_CANDIDATE_V27E_STABLE\MDO_R55_REFERENCE_CANDIDATE_V27E_20260509_032316\r55_42some.g6	242	source	3c99fff15a89417ad3d388f154bd412638173db659f28291f38505165d9ce81f	0	0	1150	1152	False	False	97	0.442	False	False	581	2.342	False	False	1513	5.96				phi 0,1,2 excluded
484	DELTA_GE_3_PROVED	C:\mcdo_ramsey_MASTER43\01_VALIDATION\MDO_R55_REFERENCE_CANDIDATE_V27E_STABLE\MDO_R55_REFERENCE_CANDIDATE_V27E_20260509_032316\r55_42some.g6	242	complement	f22a6c8c2276f1950292a27a56a0968ac74639c2d4c83e633a94baf0cfeb58f5	0	0	1152	1150	False	False	97	0.453	False	False	581	2.401	False	False	1513	6.113				phi 0,1,2 excluded
485	DELTA_GE_3_PROVED	C:\mcdo_ramsey_MASTER43\01_VALIDATION\MDO_R55_REFERENCE_CANDIDATE_V27E_STABLE\MDO_R55_REFERENCE_CANDIDATE_V27E_20260509_032316\r55_42some.g6	243	source	943fad51325660ba31da911c0a542a3cc7c85f319cde68a36a99d2f233b957b1	0	0	1163	1144	False	False	71	0.328	False	False	355	1.508	False	False	1147	4.639				phi 0,1,2 excluded
486	DELTA_GE_3_PROVED	C:\mcdo_ramsey_MASTER43\01_VALIDATION\MDO_R55_REFERENCE_CANDIDATE_V27E_STABLE\MDO_R55_REFERENCE_CANDIDATE_V27E_20260509_032316\r55_42some.g6	243	complement	5d547e0c6ec66ea32148fcc523816bf5c40a6ce8a585a777d713e11e6995b515	0	0	1144	1163	False	False	71	0.332	False	False	355	1.541	False	False	1147	4.782				phi 0,1,2 excluded
487	DELTA_GE_3_PROVED	C:\mcdo_ramsey_MASTER43\01_VALIDATION\MDO_R55_REFERENCE_CANDIDATE_V27E_STABLE\MDO_R55_REFERENCE_CANDIDATE_V27E_20260509_032316\r55_42some.g6	244	source	547a9b8cea465169316d42966eaed0cbc6ac06f0050e1aa360f886405fcf1e6b	0	0	1165	1143	False	False	75	0.349	False	False	385	1.638	False	False	1141	4.654				phi 0,1,2 excluded
488	DELTA_GE_3_PROVED	C:\mcdo_ramsey_MASTER43\01_VALIDATION\MDO_R55_REFERENCE_CANDIDATE_V27E_STABLE\MDO_R55_REFERENCE_CANDIDATE_V27E_20260509_032316\r55_42some.g6	244	complement	0f3005a64636fc1ab7ef4e03db19bd7bc0d95d8a41d95b24b6bcc65dfb5b898d	0	0	1143	1165	False	False	75	0.355	False	False	385	1.646	False	False	1141	4.696				phi 0,1,2 excluded
489	DELTA_GE_3_PROVED	C:\mcdo_ramsey_MASTER43\01_VALIDATION\MDO_R55_REFERENCE_CANDIDATE_V27E_STABLE\MDO_R55_REFERENCE_CANDIDATE_V27E_20260509_032316\r55_42some.g6	245	source	58c767dc89e26c0879c41269b03be7a14d468fa720ec5bf986081ffcd3fe6373	0	0	1178	1135	False	False	75	0.356	False	False	381	1.65	False	False	1145	4.751				phi 0,1,2 excluded
490	DELTA_GE_3_PROVED	C:\mcdo_ramsey_MASTER43\01_VALIDATION\MDO_R55_REFERENCE_CANDIDATE_V27E_STABLE\MDO_R55_REFERENCE_CANDIDATE_V27E_20260509_032316\r55_42some.g6	245	complement	86c7d994bfa88d7b88d743cfffa075552a302527bdb4333d4ae6d52142ffbc51	0	0	1135	1178	False	False	75	0.36	False	False	381	1.667	False	False	1145	4.816				phi 0,1,2 excluded
491	DELTA_GE_3_PROVED	C:\mcdo_ramsey_MASTER43\01_VALIDATION\MDO_R55_REFERENCE_CANDIDATE_V27E_STABLE\MDO_R55_REFERENCE_CANDIDATE_V27E_20260509_032316\r55_42some.g6	246	source	bae2c398634a10ee7110badfaab5136b964ba959d74d7880fb04b00ba0efaa1c	0	0	1164	1140	False	False	99	0.453	False	False	591	2.388	False	False	1447	5.742				phi 0,1,2 excluded
492	DELTA_GE_3_PROVED	C:\mcdo_ramsey_MASTER43\01_VALIDATION\MDO_R55_REFERENCE_CANDIDATE_V27E_STABLE\MDO_R55_REFERENCE_CANDIDATE_V27E_20260509_032316\r55_42some.g6	246	complement	fa4000aca4862b3a7693d2f4b94739d4c39a484229c37b3007ab6e94d1e5b40d	0	0	1140	1164	False	False	99	0.46	False	False	591	2.407	False	False	1447	5.807				phi 0,1,2 excluded
493	DELTA_GE_3_PROVED	C:\mcdo_ramsey_MASTER43\01_VALIDATION\MDO_R55_REFERENCE_CANDIDATE_V27E_STABLE\MDO_R55_REFERENCE_CANDIDATE_V27E_20260509_032316\r55_42some.g6	247	source	8a5dd7c2f1d3ed97c168271bd2227d75215fdfa3a2228251aa8f572251871123	0	0	1177	1132	False	False	71	0.332	False	False	347	1.49	False	False	1125	4.562				phi 0,1,2 excluded
494	DELTA_GE_3_PROVED	C:\mcdo_ramsey_MASTER43\01_VALIDATION\MDO_R55_REFERENCE_CANDIDATE_V27E_STABLE\MDO_R55_REFERENCE_CANDIDATE_V27E_20260509_032316\r55_42some.g6	247	complement	ea20aa043b77985035b8ff706c695743e5c30148702851e52e22a951eed50143	0	0	1132	1177	False	False	71	0.329	False	False	347	1.486	False	False	1125	4.576				phi 0,1,2 excluded
495	DELTA_GE_3_PROVED	C:\mcdo_ramsey_MASTER43\01_VALIDATION\MDO_R55_REFERENCE_CANDIDATE_V27E_STABLE\MDO_R55_REFERENCE_CANDIDATE_V27E_20260509_032316\r55_42some.g6	248	source	ad30a0013cd95686cd93ec27da5333860be1fdaa6110f49fe1b36c4a9a66c0f7	0	0	1189	1124	False	False	79	0.369	False	False	441	1.855	False	False	1319	5.275				phi 0,1,2 excluded
496	DELTA_GE_3_PROVED	C:\mcdo_ramsey_MASTER43\01_VALIDATION\MDO_R55_REFERENCE_CANDIDATE_V27E_STABLE\MDO_R55_REFERENCE_CANDIDATE_V27E_20260509_032316\r55_42some.g6	248	complement	e3a259049ec7918fd1fd8482d6fef6c999d333ae68821cd95d8ab733c2c2e047	0	0	1124	1189	False	False	79	0.366	False	False	441	1.855	False	False	1319	5.28				phi 0,1,2 excluded
497	DELTA_GE_3_PROVED	C:\mcdo_ramsey_MASTER43\01_VALIDATION\MDO_R55_REFERENCE_CANDIDATE_V27E_STABLE\MDO_R55_REFERENCE_CANDIDATE_V27E_20260509_032316\r55_42some.g6	249	source	fe002e18cbf5a94f7e37b95359d760aa26bcff7baeb2b1b08ff486926b55f1e9	0	0	1176	1132	False	False	89	0.405	False	False	495	2.053	False	False	1407	5.586				phi 0,1,2 excluded
498	DELTA_GE_3_PROVED	C:\mcdo_ramsey_MASTER43\01_VALIDATION\MDO_R55_REFERENCE_CANDIDATE_V27E_STABLE\MDO_R55_REFERENCE_CANDIDATE_V27E_20260509_032316\r55_42some.g6	249	complement	b80150220f5decacbaf64a123a4ae6111e03ff34f71736ed6a114f285b49e393	0	0	1132	1176	False	False	89	0.415	False	False	495	2.073	False	False	1407	5.656				phi 0,1,2 excluded
499	DELTA_GE_3_PROVED	C:\mcdo_ramsey_MASTER43\01_VALIDATION\MDO_R55_REFERENCE_CANDIDATE_V27E_STABLE\MDO_R55_REFERENCE_CANDIDATE_V27E_20260509_032316\r55_42some.g6	250	source	867e8489263338b625d0ff939548015fbe6f47ad9ac2fd63140dd91f05f90512	0	0	1178	1131	False	False	97	0.449	False	False	489	2.067	False	False	1393	5.667				phi 0,1,2 excluded
500	DELTA_GE_3_PROVED	C:\mcdo_ramsey_MASTER43\01_VALIDATION\MDO_R55_REFERENCE_CANDIDATE_V27E_STABLE\MDO_R55_REFERENCE_CANDIDATE_V27E_20260509_032316\r55_42some.g6	250	complement	f99c601481e89e86cec43e865a682b2d41a71d9a0fe1f4ee0097079f514e2258	0	0	1131	1178	False	False	97	0.448	False	False	489	2.043	False	False	1393	5.62				phi 0,1,2 excluded
501	DELTA_GE_3_PROVED	C:\mcdo_ramsey_MASTER43\01_VALIDATION\MDO_R55_REFERENCE_CANDIDATE_V27E_STABLE\MDO_R55_REFERENCE_CANDIDATE_V27E_20260509_032316\r55_42some.g6	251	source	08737ebbe254316951a23a179d1192a5a592e6a84b9e34941f1571d05ef2bcdd	0	0	1191	1123	False	False	105	0.481	False	False	537	2.216	False	False	1457	5.829				phi 0,1,2 excluded
502	DELTA_GE_3_PROVED	C:\mcdo_ramsey_MASTER43\01_VALIDATION\MDO_R55_REFERENCE_CANDIDATE_V27E_STABLE\MDO_R55_REFERENCE_CANDIDATE_V27E_20260509_032316\r55_42some.g6	251	complement	b602f5d9afe057a910bf47f427038b0a7e36aea2ec4187e35d8ae1f93cdf3e21	0	0	1123	1191	False	False	105	0.49	False	False	537	2.219	False	False	1457	5.914				phi 0,1,2 excluded
503	DELTA_GE_3_PROVED	C:\mcdo_ramsey_MASTER43\01_VALIDATION\MDO_R55_REFERENCE_CANDIDATE_V27E_STABLE\MDO_R55_REFERENCE_CANDIDATE_V27E_20260509_032316\r55_42some.g6	252	source	c132d1a1cff85ed7155984a7a4fc7fef2e2551f952b17d6e86416084412c44d8	0	0	1191	1123	False	False	121	0.552	False	False	575	2.404	False	False	1667	6.65				phi 0,1,2 excluded
504	DELTA_GE_3_PROVED	C:\mcdo_ramsey_MASTER43\01_VALIDATION\MDO_R55_REFERENCE_CANDIDATE_V27E_STABLE\MDO_R55_REFERENCE_CANDIDATE_V27E_20260509_032316\r55_42some.g6	252	complement	a39a23c88b95d308b46fc6e70dadbcea9cf74cfefb259aca3d85ebd3517d5dca	0	0	1123	1191	False	False	121	0.577	False	False	575	2.5	False	False	1667	6.871				phi 0,1,2 excluded
505	DELTA_GE_3_PROVED	C:\mcdo_ramsey_MASTER43\01_VALIDATION\MDO_R55_REFERENCE_CANDIDATE_V27E_STABLE\MDO_R55_REFERENCE_CANDIDATE_V27E_20260509_032316\r55_42some.g6	253	source	08f35c343f3780232952d6c328e91da52e0f429dfb9c2d70f472434e946c2e26	0	0	1204	1115	False	False	121	0.553	False	False	575	2.428	False	False	1677	6.761				phi 0,1,2 excluded
506	DELTA_GE_3_PROVED	C:\mcdo_ramsey_MASTER43\01_VALIDATION\MDO_R55_REFERENCE_CANDIDATE_V27E_STABLE\MDO_R55_REFERENCE_CANDIDATE_V27E_20260509_032316\r55_42some.g6	253	complement	9c78b77ffd7d605f6457ee667b04021a39f6e6be2be3e2f337e1c0b750890110	0	0	1115	1204	False	False	121	0.563	False	False	575	2.45	False	False	1677	6.755				phi 0,1,2 excluded
507	DELTA_GE_3_PROVED	C:\mcdo_ramsey_MASTER43\01_VALIDATION\MDO_R55_REFERENCE_CANDIDATE_V27E_STABLE\MDO_R55_REFERENCE_CANDIDATE_V27E_20260509_032316\r55_42some.g6	254	source	c4ea3286ed69ac5ffc5549e3a27791eaef02d559da507bd80ec4071914be66c5	0	0	1181	1130	False	False	103	0.478	False	False	561	2.302	False	False	1427	5.733				phi 0,1,2 excluded
508	DELTA_GE_3_PROVED	C:\mcdo_ramsey_MASTER43\01_VALIDATION\MDO_R55_REFERENCE_CANDIDATE_V27E_STABLE\MDO_R55_REFERENCE_CANDIDATE_V27E_20260509_032316\r55_42some.g6	254	complement	6721798e4174c42cf0591eb31ff226b24316d246e857f529f53d0a625939c1a4	0	0	1130	1181	False	False	103	0.476	False	False	561	2.298	False	False	1427	5.72				phi 0,1,2 excluded
509	DELTA_GE_3_PROVED	C:\mcdo_ramsey_MASTER43\01_VALIDATION\MDO_R55_REFERENCE_CANDIDATE_V27E_STABLE\MDO_R55_REFERENCE_CANDIDATE_V27E_20260509_032316\r55_42some.g6	255	source	01cf02e4b82ff97a0fb59bdb64d8c8e9d3880750bf4fc0897554c7c27d82c04b	0	0	1168	1148	False	False	103	0.484	False	False	533	2.241	False	False	1465	5.949				phi 0,1,2 excluded
510	DELTA_GE_3_PROVED	C:\mcdo_ramsey_MASTER43\01_VALIDATION\MDO_R55_REFERENCE_CANDIDATE_V27E_STABLE\MDO_R55_REFERENCE_CANDIDATE_V27E_20260509_032316\r55_42some.g6	255	complement	9dca4e781aa825be4c0ab3a74c800ed3c948ccbd699f3c39a3457a275110dd2d	0	0	1148	1168	False	False	103	0.478	False	False	533	2.207	False	False	1465	5.865				phi 0,1,2 excluded
511	DELTA_EXACTLY_2_PROVED	C:\mcdo_ramsey_MASTER43\01_VALIDATION\MDO_R55_REFERENCE_CANDIDATE_V27E_STABLE\MDO_R55_REFERENCE_CANDIDATE_V27E_20260509_032316\r55_42some.g6	256	source	9965fe9a1876219daecd36134abc30eafc883ebce1acc0056032e8d7533ce48c	0	0	1200	1131	False	False	115	0.539	False	False	549	2.329	True	False	144	0.599	0	2	20	phi 0 and phi 1 excluded; phi 2 witness exists
512	DELTA_EXACTLY_2_PROVED	C:\mcdo_ramsey_MASTER43\01_VALIDATION\MDO_R55_REFERENCE_CANDIDATE_V27E_STABLE\MDO_R55_REFERENCE_CANDIDATE_V27E_20260509_032316\r55_42some.g6	256	complement	9a1277284bead4da588a99e04d435e861aa0c61107f605d84849178f327156d7	0	0	1131	1200	False	False	115	0.532	False	False	549	2.323	True	False	723	2.915	0	2	21	phi 0 and phi 1 excluded; phi 2 witness exists
513	DELTA_GE_3_PROVED	C:\mcdo_ramsey_MASTER43\01_VALIDATION\MDO_R55_REFERENCE_CANDIDATE_V27E_STABLE\MDO_R55_REFERENCE_CANDIDATE_V27E_20260509_032316\r55_42some.g6	257	source	fa5f609f49c10adda445b35a9f0f421016aa9bb95acb227ad1462e99c423b826	0	0	1187	1141	False	False	107	0.495	False	False	549	2.331	False	False	1647	6.587				phi 0,1,2 excluded
514	DELTA_GE_3_PROVED	C:\mcdo_ramsey_MASTER43\01_VALIDATION\MDO_R55_REFERENCE_CANDIDATE_V27E_STABLE\MDO_R55_REFERENCE_CANDIDATE_V27E_20260509_032316\r55_42some.g6	257	complement	86b9fc325ae5c90ac909e7659d1c119c8426f020fc1b3090b6bb931242904c93	0	0	1141	1187	False	False	107	0.492	False	False	549	2.318	False	False	1647	6.55				phi 0,1,2 excluded
515	DELTA_GE_3_PROVED	C:\mcdo_ramsey_MASTER43\01_VALIDATION\MDO_R55_REFERENCE_CANDIDATE_V27E_STABLE\MDO_R55_REFERENCE_CANDIDATE_V27E_20260509_032316\r55_42some.g6	258	source	64cbbc3ab9631c55256a890ae2b01ab7fc322caadb2a501711ca755060180c19	0	0	1167	1149	False	False	75	0.35	False	False	373	1.602	False	False	1125	4.647				phi 0,1,2 excluded
516	DELTA_GE_3_PROVED	C:\mcdo_ramsey_MASTER43\01_VALIDATION\MDO_R55_REFERENCE_CANDIDATE_V27E_STABLE\MDO_R55_REFERENCE_CANDIDATE_V27E_20260509_032316\r55_42some.g6	258	complement	d59e09c9ec2078e835d0abc76b3507eacf8969722024121bfb435d8ec1ad41ab	0	0	1149	1167	False	False	75	0.351	False	False	373	1.583	False	False	1125	4.61				phi 0,1,2 excluded
517	DELTA_GE_3_PROVED	C:\mcdo_ramsey_MASTER43\01_VALIDATION\MDO_R55_REFERENCE_CANDIDATE_V27E_STABLE\MDO_R55_REFERENCE_CANDIDATE_V27E_20260509_032316\r55_42some.g6	259	source	749cc13c3a374c7df60faa780f0ecb34b1c11a536a3de25586e02177a177aca7	0	0	1154	1158	False	False	65	0.303	False	False	335	1.433	False	False	1035	4.24				phi 0,1,2 excluded
518	DELTA_GE_3_PROVED	C:\mcdo_ramsey_MASTER43\01_VALIDATION\MDO_R55_REFERENCE_CANDIDATE_V27E_STABLE\MDO_R55_REFERENCE_CANDIDATE_V27E_20260509_032316\r55_42some.g6	259	complement	e77767b31bdd2a24741efb42d3f36547c8498f5641d14a1ecdd11421ad7dbcd5	0	0	1158	1154	False	False	65	0.304	False	False	335	1.44	False	False	1035	4.287				phi 0,1,2 excluded
519	DELTA_GE_3_PROVED	C:\mcdo_ramsey_MASTER43\01_VALIDATION\MDO_R55_REFERENCE_CANDIDATE_V27E_STABLE\MDO_R55_REFERENCE_CANDIDATE_V27E_20260509_032316\r55_42some.g6	260	source	c141e9eaca545301a6efd65e1f0ad5ca1591b25a600f10b62114287d5fa8a9be	0	0	1183	1142	False	False	87	0.406	False	False	429	1.82	False	False	1255	5.083				phi 0,1,2 excluded
520	DELTA_GE_3_PROVED	C:\mcdo_ramsey_MASTER43\01_VALIDATION\MDO_R55_REFERENCE_CANDIDATE_V27E_STABLE\MDO_R55_REFERENCE_CANDIDATE_V27E_20260509_032316\r55_42some.g6	260	complement	afd30d46aeb8b03533e5f8b31f538dbe1b3d6f9c72c12d0364c368922cdc83b0	0	0	1142	1183	False	False	87	0.408	False	False	429	1.83	False	False	1255	5.102				phi 0,1,2 excluded
521	DELTA_GE_3_PROVED	C:\mcdo_ramsey_MASTER43\01_VALIDATION\MDO_R55_REFERENCE_CANDIDATE_V27E_STABLE\MDO_R55_REFERENCE_CANDIDATE_V27E_20260509_032316\r55_42some.g6	261	source	5f6fc44996d508c77fc078faee69315549489ec300665f602834040aba718fd8	0	0	1183	1136	False	False	129	0.598	False	False	637	2.679	False	False	1789	7.183				phi 0,1,2 excluded
522	DELTA_GE_3_PROVED	C:\mcdo_ramsey_MASTER43\01_VALIDATION\MDO_R55_REFERENCE_CANDIDATE_V27E_STABLE\MDO_R55_REFERENCE_CANDIDATE_V27E_20260509_032316\r55_42some.g6	261	complement	e5d9a6af139c012b20ad5042e685584d8153b8ed5a7d674b40822e5e545b413c	0	0	1136	1183	False	False	129	0.598	False	False	637	2.694	False	False	1789	7.223				phi 0,1,2 excluded
523	DELTA_GE_3_PROVED	C:\mcdo_ramsey_MASTER43\01_VALIDATION\MDO_R55_REFERENCE_CANDIDATE_V27E_STABLE\MDO_R55_REFERENCE_CANDIDATE_V27E_20260509_032316\r55_42some.g6	262	source	0c747ca3cd94ae7b9e7997d318e1e8411ecd77b270061e78a6ae42e3c5f5f1c1	0	0	1179	1139	False	False	85	0.406	False	False	413	1.798	False	False	1183	4.956				phi 0,1,2 excluded
524	DELTA_GE_3_PROVED	C:\mcdo_ramsey_MASTER43\01_VALIDATION\MDO_R55_REFERENCE_CANDIDATE_V27E_STABLE\MDO_R55_REFERENCE_CANDIDATE_V27E_20260509_032316\r55_42some.g6	262	complement	8b7773204070fdc01e0b589d1dcd94293e92734875b1f097cf0678290ed3ebd4	0	0	1139	1179	False	False	85	0.399	False	False	413	1.777	False	False	1183	4.888				phi 0,1,2 excluded
525	DELTA_GE_3_PROVED	C:\mcdo_ramsey_MASTER43\01_VALIDATION\MDO_R55_REFERENCE_CANDIDATE_V27E_STABLE\MDO_R55_REFERENCE_CANDIDATE_V27E_20260509_032316\r55_42some.g6	263	source	de0bb5c20bf6d2ae71427eb3bae2ae5f5c2876abf6a33b00d8e5d26a57b6816d	0	0	1166	1153	False	False	101	0.466	False	False	469	1.967	False	False	1317	5.333				phi 0,1,2 excluded
526	DELTA_GE_3_PROVED	C:\mcdo_ramsey_MASTER43\01_VALIDATION\MDO_R55_REFERENCE_CANDIDATE_V27E_STABLE\MDO_R55_REFERENCE_CANDIDATE_V27E_20260509_032316\r55_42some.g6	263	complement	3172322a355eb4a6b45419f0699a37bc9ab8e8bf15682f0abc0304b400caa33a	0	0	1153	1166	False	False	101	0.476	False	False	469	2.016	False	False	1317	5.37				phi 0,1,2 excluded
527	DELTA_GE_3_PROVED	C:\mcdo_ramsey_MASTER43\01_VALIDATION\MDO_R55_REFERENCE_CANDIDATE_V27E_STABLE\MDO_R55_REFERENCE_CANDIDATE_V27E_20260509_032316\r55_42some.g6	264	source	a569c99bfc74a789709a2c6f992e74698d276635b18b632f2f01577e5fae73b7	0	0	1196	1128	False	False	97	0.457	False	False	475	2.028	False	False	1357	5.525				phi 0,1,2 excluded
528	DELTA_GE_3_PROVED	C:\mcdo_ramsey_MASTER43\01_VALIDATION\MDO_R55_REFERENCE_CANDIDATE_V27E_STABLE\MDO_R55_REFERENCE_CANDIDATE_V27E_20260509_032316\r55_42some.g6	264	complement	7603a441ca2659f6319f7639efa47721d527538348cae4e5caa1d0242d500e72	0	0	1128	1196	False	False	97	0.444	False	False	475	2.025	False	False	1357	5.452				phi 0,1,2 excluded
529	DELTA_GE_3_PROVED	C:\mcdo_ramsey_MASTER43\01_VALIDATION\MDO_R55_REFERENCE_CANDIDATE_V27E_STABLE\MDO_R55_REFERENCE_CANDIDATE_V27E_20260509_032316\r55_42some.g6	265	source	8cafb6946d97df53f3d70a9ed8007674a175fd90066b8349217f0b2ee10a0de4	0	0	1179	1137	False	False	97	0.452	False	False	489	2.057	False	False	1305	5.333				phi 0,1,2 excluded
530	DELTA_GE_3_PROVED	C:\mcdo_ramsey_MASTER43\01_VALIDATION\MDO_R55_REFERENCE_CANDIDATE_V27E_STABLE\MDO_R55_REFERENCE_CANDIDATE_V27E_20260509_032316\r55_42some.g6	265	complement	a667fd8b842aca7117c04b104f95389e8d2302ffa5b18c8b2133edd185fd3f45	0	0	1137	1179	False	False	97	0.447	False	False	489	2.042	False	False	1305	5.29				phi 0,1,2 excluded
531	DELTA_GE_3_PROVED	C:\mcdo_ramsey_MASTER43\01_VALIDATION\MDO_R55_REFERENCE_CANDIDATE_V27E_STABLE\MDO_R55_REFERENCE_CANDIDATE_V27E_20260509_032316\r55_42some.g6	266	source	490383790756cf1dfe5856f59fe9255b0a7e4e6b64695b030b870fefba9d9be1	0	0	1166	1149	False	False	97	0.446	False	False	481	1.999	False	False	1223	4.927				phi 0,1,2 excluded
532	DELTA_GE_3_PROVED	C:\mcdo_ramsey_MASTER43\01_VALIDATION\MDO_R55_REFERENCE_CANDIDATE_V27E_STABLE\MDO_R55_REFERENCE_CANDIDATE_V27E_20260509_032316\r55_42some.g6	266	complement	e4069fae2c4b1c5db005fd1ac0cff1c9da53e93ee959bc258e60067b7b84e271	0	0	1149	1166	False	False	97	0.449	False	False	481	2.009	False	False	1223	4.986				phi 0,1,2 excluded
533	DELTA_GE_3_PROVED	C:\mcdo_ramsey_MASTER43\01_VALIDATION\MDO_R55_REFERENCE_CANDIDATE_V27E_STABLE\MDO_R55_REFERENCE_CANDIDATE_V27E_20260509_032316\r55_42some.g6	267	source	241f435bc2683ad5267b0cecb01ed53ef76651dc38fcd88604dad853d9b68d2b	0	0	1153	1163	False	False	91	0.417	False	False	495	2.04	False	False	1399	5.545				phi 0,1,2 excluded
534	DELTA_GE_3_PROVED	C:\mcdo_ramsey_MASTER43\01_VALIDATION\MDO_R55_REFERENCE_CANDIDATE_V27E_STABLE\MDO_R55_REFERENCE_CANDIDATE_V27E_20260509_032316\r55_42some.g6	267	complement	d1bbc9d29bd445f4471e457c8d4fec36c82e0b248da86c8dec3e0b7e752c3ced	0	0	1163	1153	False	False	91	0.417	False	False	495	2.055	False	False	1399	5.591				phi 0,1,2 excluded
535	DELTA_GE_3_PROVED	C:\mcdo_ramsey_MASTER43\01_VALIDATION\MDO_R55_REFERENCE_CANDIDATE_V27E_STABLE\MDO_R55_REFERENCE_CANDIDATE_V27E_20260509_032316\r55_42some.g6	268	source	d056324a048b3c4a632cf626c4dd210d4e55af0b13ef6da30be2e8d062dd98d8	0	0	1166	1151	False	False	95	0.434	False	False	461	1.928	False	False	1333	5.327				phi 0,1,2 excluded
536	DELTA_GE_3_PROVED	C:\mcdo_ramsey_MASTER43\01_VALIDATION\MDO_R55_REFERENCE_CANDIDATE_V27E_STABLE\MDO_R55_REFERENCE_CANDIDATE_V27E_20260509_032316\r55_42some.g6	268	complement	a18564b6c5aab3b9e79dfada873e83a75152fc04b6c518f49243b659a06bba9f	0	0	1151	1166	False	False	95	0.44	False	False	461	1.955	False	False	1333	5.376				phi 0,1,2 excluded
537	DELTA_GE_3_PROVED	C:\mcdo_ramsey_MASTER43\01_VALIDATION\MDO_R55_REFERENCE_CANDIDATE_V27E_STABLE\MDO_R55_REFERENCE_CANDIDATE_V27E_20260509_032316\r55_42some.g6	269	source	55b0a0dab164306323f5264e3c3135d1a66bdedef1f6f120dad28bd3cfa348a1	0	0	1190	1134	False	False	147	0.688	False	False	761	3.154	False	False	1959	7.889				phi 0,1,2 excluded
538	DELTA_GE_3_PROVED	C:\mcdo_ramsey_MASTER43\01_VALIDATION\MDO_R55_REFERENCE_CANDIDATE_V27E_STABLE\MDO_R55_REFERENCE_CANDIDATE_V27E_20260509_032316\r55_42some.g6	269	complement	96d21d44229045d313187eac87d063396f9479ff29afbbee6e9e31bff2bb8a6a	0	0	1134	1190	False	False	147	0.692	False	False	761	3.211	False	False	1959	7.989				phi 0,1,2 excluded
539	DELTA_GE_3_PROVED	C:\mcdo_ramsey_MASTER43\01_VALIDATION\MDO_R55_REFERENCE_CANDIDATE_V27E_STABLE\MDO_R55_REFERENCE_CANDIDATE_V27E_20260509_032316\r55_42some.g6	270	source	7f9542b1e421f74c861f7886b75f0969527c4670229f308dc283a3409bb16e70	0	0	1177	1141	False	False	113	0.527	False	False	611	2.546	False	False	1725	6.899				phi 0,1,2 excluded
540	DELTA_GE_3_PROVED	C:\mcdo_ramsey_MASTER43\01_VALIDATION\MDO_R55_REFERENCE_CANDIDATE_V27E_STABLE\MDO_R55_REFERENCE_CANDIDATE_V27E_20260509_032316\r55_42some.g6	270	complement	c7ddeef4fdc3d53dc1bd14220989ee26eca7ab62a11e61e3077f43679615f59a	0	0	1141	1177	False	False	113	0.543	False	False	611	2.656	False	False	1725	7.057				phi 0,1,2 excluded
541	DELTA_GE_3_PROVED	C:\mcdo_ramsey_MASTER43\01_VALIDATION\MDO_R55_REFERENCE_CANDIDATE_V27E_STABLE\MDO_R55_REFERENCE_CANDIDATE_V27E_20260509_032316\r55_42some.g6	271	source	c6e60620c798d7bf76d9dcd92aab04130d3f1fef3f8493ed75f240e6ab43082a	0	0	1164	1153	False	False	119	0.549	False	False	599	2.522	False	False	1861	7.445				phi 0,1,2 excluded
542	DELTA_GE_3_PROVED	C:\mcdo_ramsey_MASTER43\01_VALIDATION\MDO_R55_REFERENCE_CANDIDATE_V27E_STABLE\MDO_R55_REFERENCE_CANDIDATE_V27E_20260509_032316\r55_42some.g6	271	complement	5b30ae5588fee351e57563a2f964dd9090f8713f68601b32feaca4337d3e0397	0	0	1153	1164	False	False	119	0.573	False	False	599	2.577	False	False	1861	7.589				phi 0,1,2 excluded
543	DELTA_GE_3_PROVED	C:\mcdo_ramsey_MASTER43\01_VALIDATION\MDO_R55_REFERENCE_CANDIDATE_V27E_STABLE\MDO_R55_REFERENCE_CANDIDATE_V27E_20260509_032316\r55_42some.g6	272	source	bbf54882e65a2dfc67bb1bda9206c4aa965321a509f256918048e32b5a6398a7	0	0	1166	1148	False	False	149	0.678	False	False	721	2.966	False	False	2043	8.042				phi 0,1,2 excluded
544	DELTA_GE_3_PROVED	C:\mcdo_ramsey_MASTER43\01_VALIDATION\MDO_R55_REFERENCE_CANDIDATE_V27E_STABLE\MDO_R55_REFERENCE_CANDIDATE_V27E_20260509_032316\r55_42some.g6	272	complement	66ab35a27a6d4512192aca2726586eb267e34bf3b95741dda84dbddd0d4f2186	0	0	1148	1166	False	False	149	0.692	False	False	721	3.045	False	False	2043	8.24				phi 0,1,2 excluded
545	DELTA_GE_3_PROVED	C:\mcdo_ramsey_MASTER43\01_VALIDATION\MDO_R55_REFERENCE_CANDIDATE_V27E_STABLE\MDO_R55_REFERENCE_CANDIDATE_V27E_20260509_032316\r55_42some.g6	273	source	6fc94adc148748cc0112b84364257376f77593789313903bfd209c6011b9a3b8	0	0	1168	1156	False	False	133	0.601	False	False	669	2.755	False	False	1899	7.471				phi 0,1,2 excluded
546	DELTA_GE_3_PROVED	C:\mcdo_ramsey_MASTER43\01_VALIDATION\MDO_R55_REFERENCE_CANDIDATE_V27E_STABLE\MDO_R55_REFERENCE_CANDIDATE_V27E_20260509_032316\r55_42some.g6	273	complement	3bed3a069a1665c6d11bc4cbdefd8f569f07f42fdf33f96fcbdfe05b1a8caecf	0	0	1156	1168	False	False	133	0.618	False	False	669	2.786	False	False	1899	7.492				phi 0,1,2 excluded
547	DELTA_GE_3_PROVED	C:\mcdo_ramsey_MASTER43\01_VALIDATION\MDO_R55_REFERENCE_CANDIDATE_V27E_STABLE\MDO_R55_REFERENCE_CANDIDATE_V27E_20260509_032316\r55_42some.g6	274	source	2c20272677a3d54e32610fb4fb433b359327c41e598ca323c60a8e46305daba9	0	0	1173	1146	False	False	119	0.547	False	False	585	2.453	False	False	1583	6.37				phi 0,1,2 excluded
548	DELTA_GE_3_PROVED	C:\mcdo_ramsey_MASTER43\01_VALIDATION\MDO_R55_REFERENCE_CANDIDATE_V27E_STABLE\MDO_R55_REFERENCE_CANDIDATE_V27E_20260509_032316\r55_42some.g6	274	complement	cee14c9a36fdf32ba8248e54ce48e3878a4dcc84358a1aa6a051b2e920143e93	0	0	1146	1173	False	False	119	0.554	False	False	585	2.455	False	False	1583	6.375				phi 0,1,2 excluded
549	DELTA_GE_3_PROVED	C:\mcdo_ramsey_MASTER43\01_VALIDATION\MDO_R55_REFERENCE_CANDIDATE_V27E_STABLE\MDO_R55_REFERENCE_CANDIDATE_V27E_20260509_032316\r55_42some.g6	275	source	c4d8d2be2e9ffc7ae42d7f6f32dea5cfb83c9a5f1e753c24925aa9a9e9e37cf0	0	0	1160	1160	False	False	119	0.553	False	False	595	2.534	False	False	1643	6.669				phi 0,1,2 excluded
550	DELTA_GE_3_PROVED	C:\mcdo_ramsey_MASTER43\01_VALIDATION\MDO_R55_REFERENCE_CANDIDATE_V27E_STABLE\MDO_R55_REFERENCE_CANDIDATE_V27E_20260509_032316\r55_42some.g6	275	complement	62ee37be8156ed30661ca66344c3144f14b93ba005e341607a477e1277e51fac	0	0	1160	1160	False	False	119	0.547	False	False	595	2.498	False	False	1643	6.586				phi 0,1,2 excluded
551	DELTA_GE_3_PROVED	C:\mcdo_ramsey_MASTER43\01_VALIDATION\MDO_R55_REFERENCE_CANDIDATE_V27E_STABLE\MDO_R55_REFERENCE_CANDIDATE_V27E_20260509_032316\r55_42some.g6	276	source	9a42af54ac137c249aaec78c5f0ef707c31e70da65471d95efe5512f50299655	0	0	1160	1153	False	False	121	0.552	False	False	601	2.508	False	False	1619	6.484				phi 0,1,2 excluded
552	DELTA_GE_3_PROVED	C:\mcdo_ramsey_MASTER43\01_VALIDATION\MDO_R55_REFERENCE_CANDIDATE_V27E_STABLE\MDO_R55_REFERENCE_CANDIDATE_V27E_20260509_032316\r55_42some.g6	276	complement	cf79bcb12fecc7c323b7dbc915cbf49585b8108904d2ada66b358bf97a3bab8d	0	0	1153	1160	False	False	121	0.556	False	False	601	2.509	False	False	1619	6.496				phi 0,1,2 excluded
553	DELTA_GE_3_PROVED	C:\mcdo_ramsey_MASTER43\01_VALIDATION\MDO_R55_REFERENCE_CANDIDATE_V27E_STABLE\MDO_R55_REFERENCE_CANDIDATE_V27E_20260509_032316\r55_42some.g6	277	source	e866a6baff4ec4d65e2267dd9af1d65a6d794d9c2af9435f0368052fed64b8d2	0	0	1147	1167	False	False	121	0.554	False	False	595	2.471	False	False	1673	6.708				phi 0,1,2 excluded
554	DELTA_GE_3_PROVED	C:\mcdo_ramsey_MASTER43\01_VALIDATION\MDO_R55_REFERENCE_CANDIDATE_V27E_STABLE\MDO_R55_REFERENCE_CANDIDATE_V27E_20260509_032316\r55_42some.g6	277	complement	ff7b24cd1d2379f12d5657bd773b92a2998058e1a655faf1eb1e5e36708acc53	0	0	1167	1147	False	False	121	0.568	False	False	595	2.56	False	False	1673	6.845				phi 0,1,2 excluded
555	DELTA_GE_3_PROVED	C:\mcdo_ramsey_MASTER43\01_VALIDATION\MDO_R55_REFERENCE_CANDIDATE_V27E_STABLE\MDO_R55_REFERENCE_CANDIDATE_V27E_20260509_032316\r55_42some.g6	278	source	826a70d183352d23ca035ce242d83d670313fafa35c52a7715d61d3e6b288039	0	0	1134	1179	False	False	121	0.551	False	False	691	2.824	False	False	1823	7.195				phi 0,1,2 excluded
556	DELTA_GE_3_PROVED	C:\mcdo_ramsey_MASTER43\01_VALIDATION\MDO_R55_REFERENCE_CANDIDATE_V27E_STABLE\MDO_R55_REFERENCE_CANDIDATE_V27E_20260509_032316\r55_42some.g6	278	complement	b0d8299cbeda43d96b29f218b0b8bcc4061dd7c2013ef604efe658750023a0ff	0	0	1179	1134	False	False	121	0.576	False	False	691	2.892	False	False	1823	7.444				phi 0,1,2 excluded
557	DELTA_GE_3_PROVED	C:\mcdo_ramsey_MASTER43\01_VALIDATION\MDO_R55_REFERENCE_CANDIDATE_V27E_STABLE\MDO_R55_REFERENCE_CANDIDATE_V27E_20260509_032316\r55_42some.g6	279	source	8e50b0471e374a15babafbd8db127315994c7890593a9cf5897189118cf999c6	0	0	1151	1172	False	False	131	0.601	False	False	647	2.704	False	False	1795	7.203				phi 0,1,2 excluded
558	DELTA_GE_3_PROVED	C:\mcdo_ramsey_MASTER43\01_VALIDATION\MDO_R55_REFERENCE_CANDIDATE_V27E_STABLE\MDO_R55_REFERENCE_CANDIDATE_V27E_20260509_032316\r55_42some.g6	279	complement	ac0b9f049ee63644c6f6bac8467e732b6cfeef21054f3a575426d866edb642bd	0	0	1172	1151	False	False	131	0.61	False	False	647	2.722	False	False	1795	7.249				phi 0,1,2 excluded
559	DELTA_GE_3_PROVED	C:\mcdo_ramsey_MASTER43\01_VALIDATION\MDO_R55_REFERENCE_CANDIDATE_V27E_STABLE\MDO_R55_REFERENCE_CANDIDATE_V27E_20260509_032316\r55_42some.g6	280	source	d84a91073a6717c7c68f492a0440e6cccb076bcbfee17b67bd9a847d9900f595	0	0	1164	1158	False	False	127	0.585	False	False	613	2.57	False	False	1677	6.781				phi 0,1,2 excluded
560	DELTA_GE_3_PROVED	C:\mcdo_ramsey_MASTER43\01_VALIDATION\MDO_R55_REFERENCE_CANDIDATE_V27E_STABLE\MDO_R55_REFERENCE_CANDIDATE_V27E_20260509_032316\r55_42some.g6	280	complement	f4b22c89a92ad7463adbc5f9aa936eaba2dfa4c941c98c41526c943b6c63c609	0	0	1158	1164	False	False	127	0.589	False	False	613	2.586	False	False	1677	6.782				phi 0,1,2 excluded
561	DELTA_GE_3_PROVED	C:\mcdo_ramsey_MASTER43\01_VALIDATION\MDO_R55_REFERENCE_CANDIDATE_V27E_STABLE\MDO_R55_REFERENCE_CANDIDATE_V27E_20260509_032316\r55_42some.g6	281	source	915d9beaa94dddca24536a0c1a4190c769fe0e81bd2a578ef0fd8097519ac5a0	0	0	1147	1165	False	False	131	0.603	False	False	703	2.863	False	False	1875	7.438				phi 0,1,2 excluded
562	DELTA_GE_3_PROVED	C:\mcdo_ramsey_MASTER43\01_VALIDATION\MDO_R55_REFERENCE_CANDIDATE_V27E_STABLE\MDO_R55_REFERENCE_CANDIDATE_V27E_20260509_032316\r55_42some.g6	281	complement	491ffbb06f6ccc7c5ec895182b4ade52d313af190a5384dc6585cb976508135b	0	0	1165	1147	False	False	131	0.614	False	False	703	2.928	False	False	1875	7.579				phi 0,1,2 excluded
563	DELTA_GE_3_PROVED	C:\mcdo_ramsey_MASTER43\01_VALIDATION\MDO_R55_REFERENCE_CANDIDATE_V27E_STABLE\MDO_R55_REFERENCE_CANDIDATE_V27E_20260509_032316\r55_42some.g6	282	source	7bcf6a4ff236fccaa181075e71874ea19e12172f56a2af59efd87a34bc585e7e	0	0	1160	1155	False	False	87	0.4	False	False	453	1.918	False	False	1351	5.461				phi 0,1,2 excluded
564	DELTA_GE_3_PROVED	C:\mcdo_ramsey_MASTER43\01_VALIDATION\MDO_R55_REFERENCE_CANDIDATE_V27E_STABLE\MDO_R55_REFERENCE_CANDIDATE_V27E_20260509_032316\r55_42some.g6	282	complement	403202779b5c62d7562b5ad912d84691cf4cde1eb7e018e21df917bbd14b8455	0	0	1155	1160	False	False	87	0.405	False	False	453	1.933	False	False	1351	5.495				phi 0,1,2 excluded
565	DELTA_GE_3_PROVED	C:\mcdo_ramsey_MASTER43\01_VALIDATION\MDO_R55_REFERENCE_CANDIDATE_V27E_STABLE\MDO_R55_REFERENCE_CANDIDATE_V27E_20260509_032316\r55_42some.g6	283	source	e208687717e93ef49446b7071c1da876b320fedbacbaca5811f62c9f93c56a09	0	0	1147	1169	False	False	111	0.508	False	False	597	2.449	False	False	1715	6.784				phi 0,1,2 excluded
566	DELTA_GE_3_PROVED	C:\mcdo_ramsey_MASTER43\01_VALIDATION\MDO_R55_REFERENCE_CANDIDATE_V27E_STABLE\MDO_R55_REFERENCE_CANDIDATE_V27E_20260509_032316\r55_42some.g6	283	complement	50babac03644719de9c5cccacbd59a749ba12b4f6dd92bcbb09c78c19262d7f3	0	0	1169	1147	False	False	111	0.514	False	False	597	2.487	False	False	1715	6.866				phi 0,1,2 excluded
567	DELTA_GE_3_PROVED	C:\mcdo_ramsey_MASTER43\01_VALIDATION\MDO_R55_REFERENCE_CANDIDATE_V27E_STABLE\MDO_R55_REFERENCE_CANDIDATE_V27E_20260509_032316\r55_42some.g6	284	source	87f1a71c5120322f5b433f8b632f429fcf992de1c046b235f490e8b2ccf1c0ac	0	0	1182	1140	False	False	75	0.348	False	False	405	1.705	False	False	1081	4.415				phi 0,1,2 excluded
568	DELTA_GE_3_PROVED	C:\mcdo_ramsey_MASTER43\01_VALIDATION\MDO_R55_REFERENCE_CANDIDATE_V27E_STABLE\MDO_R55_REFERENCE_CANDIDATE_V27E_20260509_032316\r55_42some.g6	284	complement	500e530d76fdd50e62c7b3252398671ca77bd643842fd1aa41a5eae410f03454	0	0	1140	1182	False	False	75	0.349	False	False	405	1.703	False	False	1081	4.406				phi 0,1,2 excluded
569	DELTA_GE_3_PROVED	C:\mcdo_ramsey_MASTER43\01_VALIDATION\MDO_R55_REFERENCE_CANDIDATE_V27E_STABLE\MDO_R55_REFERENCE_CANDIDATE_V27E_20260509_032316\r55_42some.g6	285	source	f07edfc6216467b2a54eb8f35c3e921e0729dd4aca1b0eaecb87a00bb323c3da	0	0	1169	1149	False	False	89	0.415	False	False	453	1.929	False	False	1299	5.32				phi 0,1,2 excluded
570	DELTA_GE_3_PROVED	C:\mcdo_ramsey_MASTER43\01_VALIDATION\MDO_R55_REFERENCE_CANDIDATE_V27E_STABLE\MDO_R55_REFERENCE_CANDIDATE_V27E_20260509_032316\r55_42some.g6	285	complement	94245c802d2347d03a3af57023643a1a42b2894bbd427d772e1a27877dc46860	0	0	1149	1169	False	False	89	0.416	False	False	453	1.921	False	False	1299	5.311				phi 0,1,2 excluded
571	DELTA_GE_3_PROVED	C:\mcdo_ramsey_MASTER43\01_VALIDATION\MDO_R55_REFERENCE_CANDIDATE_V27E_STABLE\MDO_R55_REFERENCE_CANDIDATE_V27E_20260509_032316\r55_42some.g6	286	source	4fbd21a73def4c413fd2d3570c9e21456ebe339a05e34d904cbfa89c4fda07f9	0	0	1179	1144	False	False	95	0.448	False	False	479	2.048	False	False	1323	5.46				phi 0,1,2 excluded
572	DELTA_GE_3_PROVED	C:\mcdo_ramsey_MASTER43\01_VALIDATION\MDO_R55_REFERENCE_CANDIDATE_V27E_STABLE\MDO_R55_REFERENCE_CANDIDATE_V27E_20260509_032316\r55_42some.g6	286	complement	6e2d8aaccc78bbc70ea191f1b267f92117f571e77f4c96ae9a9a1b14720960f4	0	0	1144	1179	False	False	95	0.441	False	False	479	2.039	False	False	1323	5.375				phi 0,1,2 excluded
573	DELTA_GE_3_PROVED	C:\mcdo_ramsey_MASTER43\01_VALIDATION\MDO_R55_REFERENCE_CANDIDATE_V27E_STABLE\MDO_R55_REFERENCE_CANDIDATE_V27E_20260509_032316\r55_42some.g6	287	source	f8d94b618d6f429cebc886a3456f2820886a63b6fa8599c45e1a011bd06d7f44	0	0	1161	1146	False	False	115	0.538	False	False	585	2.477	False	False	1579	6.474				phi 0,1,2 excluded
574	DELTA_GE_3_PROVED	C:\mcdo_ramsey_MASTER43\01_VALIDATION\MDO_R55_REFERENCE_CANDIDATE_V27E_STABLE\MDO_R55_REFERENCE_CANDIDATE_V27E_20260509_032316\r55_42some.g6	287	complement	67ecb6fc7c6435cfecc920e1ee71663f585d2d4b97cb3f366ba3014c8884462f	0	0	1146	1161	False	False	115	0.535	False	False	585	2.476	False	False	1579	6.356				phi 0,1,2 excluded
575	DELTA_GE_3_PROVED	C:\mcdo_ramsey_MASTER43\01_VALIDATION\MDO_R55_REFERENCE_CANDIDATE_V27E_STABLE\MDO_R55_REFERENCE_CANDIDATE_V27E_20260509_032316\r55_42some.g6	288	source	f5dff634fa0bfce30e5145d3563d5d5ebe04dc4da77ba83dea8af13258a20528	0	0	1176	1137	False	False	83	0.389	False	False	417	1.778	False	False	1179	4.854				phi 0,1,2 excluded
576	DELTA_GE_3_PROVED	C:\mcdo_ramsey_MASTER43\01_VALIDATION\MDO_R55_REFERENCE_CANDIDATE_V27E_STABLE\MDO_R55_REFERENCE_CANDIDATE_V27E_20260509_032316\r55_42some.g6	288	complement	dc9a684279eb7c0b6faab0f0c4ce53cc16bb3a42b8df5dbf6e1300ca6c60e507	0	0	1137	1176	False	False	83	0.393	False	False	417	1.793	False	False	1179	4.854				phi 0,1,2 excluded
577	DELTA_GE_3_PROVED	C:\mcdo_ramsey_MASTER43\01_VALIDATION\MDO_R55_REFERENCE_CANDIDATE_V27E_STABLE\MDO_R55_REFERENCE_CANDIDATE_V27E_20260509_032316\r55_42some.g6	289	source	bd3285a991a5fd84dcce3013ed6b6c920bd48e221e6f5fa994554eb38125af54	0	0	1192	1130	False	False	97	0.45	False	False	507	2.106	False	False	1317	5.316				phi 0,1,2 excluded
578	DELTA_GE_3_PROVED	C:\mcdo_ramsey_MASTER43\01_VALIDATION\MDO_R55_REFERENCE_CANDIDATE_V27E_STABLE\MDO_R55_REFERENCE_CANDIDATE_V27E_20260509_032316\r55_42some.g6	289	complement	fee27f247bc81a5b261f082b1b1c8f84c62d7eefe86a11d8e4dd67e859f4d716	0	0	1130	1192	False	False	97	0.454	False	False	507	2.142	False	False	1317	5.406				phi 0,1,2 excluded
579	DELTA_GE_3_PROVED	C:\mcdo_ramsey_MASTER43\01_VALIDATION\MDO_R55_REFERENCE_CANDIDATE_V27E_STABLE\MDO_R55_REFERENCE_CANDIDATE_V27E_20260509_032316\r55_42some.g6	290	source	36f42077dacce491ec85ed3d716f2a39668993463419b6d48ba236aa8cc02eb7	0	0	1170	1156	False	False	87	0.401	False	False	429	1.809	False	False	1257	5.063				phi 0,1,2 excluded
580	DELTA_GE_3_PROVED	C:\mcdo_ramsey_MASTER43\01_VALIDATION\MDO_R55_REFERENCE_CANDIDATE_V27E_STABLE\MDO_R55_REFERENCE_CANDIDATE_V27E_20260509_032316\r55_42some.g6	290	complement	96c4756de35e25a1ebe9d2db15d6d525c15211e1bbb86580debfa6b697963736	0	0	1156	1170	False	False	87	0.406	False	False	429	1.835	False	False	1257	5.109				phi 0,1,2 excluded
581	DELTA_GE_3_PROVED	C:\mcdo_ramsey_MASTER43\01_VALIDATION\MDO_R55_REFERENCE_CANDIDATE_V27E_STABLE\MDO_R55_REFERENCE_CANDIDATE_V27E_20260509_032316\r55_42some.g6	291	source	145148b3d6f16f93133aab6f4f809cb5dea379efc72eddd706aa649cadbb7d46	0	0	1164	1153	False	False	93	0.43	False	False	457	1.943	False	False	1399	5.652				phi 0,1,2 excluded
582	DELTA_GE_3_PROVED	C:\mcdo_ramsey_MASTER43\01_VALIDATION\MDO_R55_REFERENCE_CANDIDATE_V27E_STABLE\MDO_R55_REFERENCE_CANDIDATE_V27E_20260509_032316\r55_42some.g6	291	complement	8a755b58a2029c0edae1ddb0b19e5cb60b9c605740c4ee1930b8fcb228998543	0	0	1153	1164	False	False	93	0.432	False	False	457	1.953	False	False	1399	5.67				phi 0,1,2 excluded
583	DELTA_GE_3_PROVED	C:\mcdo_ramsey_MASTER43\01_VALIDATION\MDO_R55_REFERENCE_CANDIDATE_V27E_STABLE\MDO_R55_REFERENCE_CANDIDATE_V27E_20260509_032316\r55_42some.g6	292	source	a072b27098bd9abf28efffa1abd0107e0b82db6fb1f5873dda15d1ea1a9c0b73	0	0	1177	1143	False	False	123	0.573	False	False	613	2.603	False	False	1667	6.793				phi 0,1,2 excluded
584	DELTA_GE_3_PROVED	C:\mcdo_ramsey_MASTER43\01_VALIDATION\MDO_R55_REFERENCE_CANDIDATE_V27E_STABLE\MDO_R55_REFERENCE_CANDIDATE_V27E_20260509_032316\r55_42some.g6	292	complement	6d23a7da5f0af20028be5f518f7dd8956afa920b86a67bf8dce2d6b8ed67fa71	0	0	1143	1177	False	False	123	0.565	False	False	613	2.564	False	False	1667	6.675				phi 0,1,2 excluded
585	DELTA_GE_3_PROVED	C:\mcdo_ramsey_MASTER43\01_VALIDATION\MDO_R55_REFERENCE_CANDIDATE_V27E_STABLE\MDO_R55_REFERENCE_CANDIDATE_V27E_20260509_032316\r55_42some.g6	293	source	b6c14602cd9008affd038846085c6210aa945bc505f2ab25bd5513dc88d0b4d8	0	0	1181	1146	False	False	153	0.705	False	False	825	3.381	False	False	2065	8.196				phi 0,1,2 excluded
586	DELTA_GE_3_PROVED	C:\mcdo_ramsey_MASTER43\01_VALIDATION\MDO_R55_REFERENCE_CANDIDATE_V27E_STABLE\MDO_R55_REFERENCE_CANDIDATE_V27E_20260509_032316\r55_42some.g6	293	complement	a30f0123330f006e19fe6f954f1789c6bf495c4a08477b5005a29c1d6b353199	0	0	1146	1181	False	False	153	0.709	False	False	825	3.367	False	False	2065	8.155				phi 0,1,2 excluded
587	DELTA_GE_3_PROVED	C:\mcdo_ramsey_MASTER43\01_VALIDATION\MDO_R55_REFERENCE_CANDIDATE_V27E_STABLE\MDO_R55_REFERENCE_CANDIDATE_V27E_20260509_032316\r55_42some.g6	294	source	5bf226b532265bf3b00b8bdf161cebdd1a4b5ccd64a6862a631980a73d4b4a8d	0	0	1151	1163	False	False	93	0.43	False	False	467	1.993	False	False	1397	5.72				phi 0,1,2 excluded
588	DELTA_GE_3_PROVED	C:\mcdo_ramsey_MASTER43\01_VALIDATION\MDO_R55_REFERENCE_CANDIDATE_V27E_STABLE\MDO_R55_REFERENCE_CANDIDATE_V27E_20260509_032316\r55_42some.g6	294	complement	b9da7a24d7f40914d26b0e2c95eaaa615e8de6174d4e0412772eea449e270bd7	0	0	1163	1151	False	False	93	0.435	False	False	467	1.999	False	False	1397	5.7				phi 0,1,2 excluded
589	DELTA_GE_3_PROVED	C:\mcdo_ramsey_MASTER43\01_VALIDATION\MDO_R55_REFERENCE_CANDIDATE_V27E_STABLE\MDO_R55_REFERENCE_CANDIDATE_V27E_20260509_032316\r55_42some.g6	295	source	4805836fa0128f4acd03860b3f10be13428347e066ad34f516be6a8a276e588a	0	0	1149	1164	False	False	123	0.568	False	False	637	2.655	False	False	1777	7.133				phi 0,1,2 excluded
590	DELTA_GE_3_PROVED	C:\mcdo_ramsey_MASTER43\01_VALIDATION\MDO_R55_REFERENCE_CANDIDATE_V27E_STABLE\MDO_R55_REFERENCE_CANDIDATE_V27E_20260509_032316\r55_42some.g6	295	complement	32c669566a41f1a930f79e7c753935074d0b63ee0f75a6e76dd3cefd6bae6762	0	0	1164	1149	False	False	123	0.578	False	False	637	2.689	False	False	1777	7.202				phi 0,1,2 excluded
591	DELTA_GE_3_PROVED	C:\mcdo_ramsey_MASTER43\01_VALIDATION\MDO_R55_REFERENCE_CANDIDATE_V27E_STABLE\MDO_R55_REFERENCE_CANDIDATE_V27E_20260509_032316\r55_42some.g6	296	source	c1d5c3fb20ecb1a7b178d250a2e00008fb5be0d9fe3122dc0f0279f917b56d39	0	0	1162	1144	False	False	69	0.336	False	False	437	1.848	False	False	1185	4.854				phi 0,1,2 excluded
592	DELTA_GE_3_PROVED	C:\mcdo_ramsey_MASTER43\01_VALIDATION\MDO_R55_REFERENCE_CANDIDATE_V27E_STABLE\MDO_R55_REFERENCE_CANDIDATE_V27E_20260509_032316\r55_42some.g6	296	complement	b7de038bbab9f054f10513c3cc52d1532ab9f3cda8475698fb0292ba4a2d7c53	0	0	1144	1162	False	False	69	0.34	False	False	437	1.845	False	False	1185	4.918				phi 0,1,2 excluded
593	DELTA_GE_3_PROVED	C:\mcdo_ramsey_MASTER43\01_VALIDATION\MDO_R55_REFERENCE_CANDIDATE_V27E_STABLE\MDO_R55_REFERENCE_CANDIDATE_V27E_20260509_032316\r55_42some.g6	297	source	da70999f2b0321581619d2c83752bb910b7afb3a562d19641dc26f31e99471bf	0	0	1175	1136	False	False	73	0.341	False	False	383	1.63	False	False	1153	4.711				phi 0,1,2 excluded
594	DELTA_GE_3_PROVED	C:\mcdo_ramsey_MASTER43\01_VALIDATION\MDO_R55_REFERENCE_CANDIDATE_V27E_STABLE\MDO_R55_REFERENCE_CANDIDATE_V27E_20260509_032316\r55_42some.g6	297	complement	0f5423d430c61f66857c669c474ccd491532323910e211f8d1d63f5796926255	0	0	1136	1175	False	False	73	0.344	False	False	383	1.628	False	False	1153	4.675				phi 0,1,2 excluded
595	DELTA_GE_3_PROVED	C:\mcdo_ramsey_MASTER43\01_VALIDATION\MDO_R55_REFERENCE_CANDIDATE_V27E_STABLE\MDO_R55_REFERENCE_CANDIDATE_V27E_20260509_032316\r55_42some.g6	298	source	ce4716fc5f578091588c847d8dd95127257f88ae450e5ebefbd9c0566c5d0d59	0	0	1174	1136	False	False	71	0.348	False	False	433	1.828	False	False	1203	4.833				phi 0,1,2 excluded
596	DELTA_GE_3_PROVED	C:\mcdo_ramsey_MASTER43\01_VALIDATION\MDO_R55_REFERENCE_CANDIDATE_V27E_STABLE\MDO_R55_REFERENCE_CANDIDATE_V27E_20260509_032316\r55_42some.g6	298	complement	ad32d602b0c7422b5b7aed8588418ba4757cbff32e21d1d75a27dc8ca20cfacd	0	0	1136	1174	False	False	71	0.338	False	False	433	1.794	False	False	1203	4.902				phi 0,1,2 excluded
597	DELTA_GE_3_PROVED	C:\mcdo_ramsey_MASTER43\01_VALIDATION\MDO_R55_REFERENCE_CANDIDATE_V27E_STABLE\MDO_R55_REFERENCE_CANDIDATE_V27E_20260509_032316\r55_42some.g6	299	source	b341d23cad13f4ac5ef98c4e47141f9d58f7b1e138968ab86f5d03c662b9527a	0	0	1187	1128	False	False	73	0.339	False	False	383	1.616	False	False	1153	4.676				phi 0,1,2 excluded
598	DELTA_GE_3_PROVED	C:\mcdo_ramsey_MASTER43\01_VALIDATION\MDO_R55_REFERENCE_CANDIDATE_V27E_STABLE\MDO_R55_REFERENCE_CANDIDATE_V27E_20260509_032316\r55_42some.g6	299	complement	9fb2f34b0be5c693591d338aae9167d1da053997ed1ff572c93c7dfdb064542e	0	0	1128	1187	False	False	73	0.341	False	False	383	1.624	False	False	1153	4.683				phi 0,1,2 excluded
599	DELTA_GE_3_PROVED	C:\mcdo_ramsey_MASTER43\01_VALIDATION\MDO_R55_REFERENCE_CANDIDATE_V27E_STABLE\MDO_R55_REFERENCE_CANDIDATE_V27E_20260509_032316\r55_42some.g6	300	source	8629564941c0d901121cff4e44bef7ad225589c5d6bd24a5f7b7a6a3fab7eb65	0	0	1153	1153	False	False	71	0.33	False	False	405	1.701	False	False	1145	4.623				phi 0,1,2 excluded
600	DELTA_GE_3_PROVED	C:\mcdo_ramsey_MASTER43\01_VALIDATION\MDO_R55_REFERENCE_CANDIDATE_V27E_STABLE\MDO_R55_REFERENCE_CANDIDATE_V27E_20260509_032316\r55_42some.g6	300	complement	8f3c33de7ae2695228d5d2a36d68b6fa7cb1f7f10cbfe6cfc9bee67818bd4821	0	0	1153	1153	False	False	71	0.338	False	False	405	1.712	False	False	1145	4.651				phi 0,1,2 excluded
601	DELTA_GE_3_PROVED	C:\mcdo_ramsey_MASTER43\01_VALIDATION\MDO_R55_REFERENCE_CANDIDATE_V27E_STABLE\MDO_R55_REFERENCE_CANDIDATE_V27E_20260509_032316\r55_42some.g6	301	source	568243f1a1d88e6078510d2a7691b42a235a5023c0f6839f6d29e7bde093676c	0	0	1166	1145	False	False	73	0.344	False	False	379	1.629	False	False	1143	4.724				phi 0,1,2 excluded
602	DELTA_GE_3_PROVED	C:\mcdo_ramsey_MASTER43\01_VALIDATION\MDO_R55_REFERENCE_CANDIDATE_V27E_STABLE\MDO_R55_REFERENCE_CANDIDATE_V27E_20260509_032316\r55_42some.g6	301	complement	c57fdb95879eef48c38de33623e11aebcf1591352b74bc7ab1e9ba848a84c99a	0	0	1145	1166	False	False	73	0.341	False	False	379	1.61	False	False	1143	4.646				phi 0,1,2 excluded
603	DELTA_GE_3_PROVED	C:\mcdo_ramsey_MASTER43\01_VALIDATION\MDO_R55_REFERENCE_CANDIDATE_V27E_STABLE\MDO_R55_REFERENCE_CANDIDATE_V27E_20260509_032316\r55_42some.g6	302	source	5b14ffd2434692cd75cab1794bc917801933719183fb1df7fdc36ad0b863bc46	0	0	1178	1137	False	False	71	0.332	False	False	343	1.486	False	False	1125	4.58				phi 0,1,2 excluded
604	DELTA_GE_3_PROVED	C:\mcdo_ramsey_MASTER43\01_VALIDATION\MDO_R55_REFERENCE_CANDIDATE_V27E_STABLE\MDO_R55_REFERENCE_CANDIDATE_V27E_20260509_032316\r55_42some.g6	302	complement	868ef3fc8b1022b31107595d9ae318dc0b1b46dc76f4fa923bb7bb05d27dccb3	0	0	1137	1178	False	False	71	0.337	False	False	343	1.508	False	False	1125	4.66				phi 0,1,2 excluded
605	DELTA_GE_3_PROVED	C:\mcdo_ramsey_MASTER43\01_VALIDATION\MDO_R55_REFERENCE_CANDIDATE_V27E_STABLE\MDO_R55_REFERENCE_CANDIDATE_V27E_20260509_032316\r55_42some.g6	303	source	7df700e964d10de0567cd864cc2a78c7e853771c6f0a35c0e5ef5261c07c3db8	0	0	1165	1145	False	False	87	0.41	False	False	485	2.067	False	False	1357	5.61				phi 0,1,2 excluded
606	DELTA_GE_3_PROVED	C:\mcdo_ramsey_MASTER43\01_VALIDATION\MDO_R55_REFERENCE_CANDIDATE_V27E_STABLE\MDO_R55_REFERENCE_CANDIDATE_V27E_20260509_032316\r55_42some.g6	303	complement	92e83933d8170e2a63ffb06eebe639314bb36a5baf148c0d3159e744251f17e9	0	0	1145	1165	False	False	87	0.404	False	False	485	2.015	False	False	1357	5.464				phi 0,1,2 excluded
607	DELTA_GE_3_PROVED	C:\mcdo_ramsey_MASTER43\01_VALIDATION\MDO_R55_REFERENCE_CANDIDATE_V27E_STABLE\MDO_R55_REFERENCE_CANDIDATE_V27E_20260509_032316\r55_42some.g6	304	source	b1c17390a33c0c72bd06a4bffaa38dd58f3b2d4aebb6a16acc00b6369c9db21d	0	0	1148	1156	False	False	79	0.379	False	False	475	2.009	False	False	1467	5.866				phi 0,1,2 excluded
608	DELTA_GE_3_PROVED	C:\mcdo_ramsey_MASTER43\01_VALIDATION\MDO_R55_REFERENCE_CANDIDATE_V27E_STABLE\MDO_R55_REFERENCE_CANDIDATE_V27E_20260509_032316\r55_42some.g6	304	complement	136915a685839c0512c36707d70222020790eed70c4878020eeefe95c2879e01	0	0	1156	1148	False	False	79	0.374	False	False	475	1.999	False	False	1467	5.831				phi 0,1,2 excluded
609	DELTA_GE_3_PROVED	C:\mcdo_ramsey_MASTER43\01_VALIDATION\MDO_R55_REFERENCE_CANDIDATE_V27E_STABLE\MDO_R55_REFERENCE_CANDIDATE_V27E_20260509_032316\r55_42some.g6	305	source	0dd19d7fb973a9e736334637b3dafb949b0d548ecf235e6f59c874758c3717a8	0	0	1161	1148	False	False	71	0.336	False	False	371	1.59	False	False	1205	4.913				phi 0,1,2 excluded
610	DELTA_GE_3_PROVED	C:\mcdo_ramsey_MASTER43\01_VALIDATION\MDO_R55_REFERENCE_CANDIDATE_V27E_STABLE\MDO_R55_REFERENCE_CANDIDATE_V27E_20260509_032316\r55_42some.g6	305	complement	5b9f7bfa9053ccb70335e8802173c5e02f7a5e9298c8e8d80ad152335c144d87	0	0	1148	1161	False	False	71	0.34	False	False	371	1.594	False	False	1205	4.9				phi 0,1,2 excluded
611	DELTA_GE_3_PROVED	C:\mcdo_ramsey_MASTER43\01_VALIDATION\MDO_R55_REFERENCE_CANDIDATE_V27E_STABLE\MDO_R55_REFERENCE_CANDIDATE_V27E_20260509_032316\r55_42some.g6	306	source	b3b51bd0042b8855ec4faddb1dcca914bb9cbd7c4ed414aebfc26f239296f584	0	0	1158	1152	False	False	131	0.613	False	False	663	2.79	False	False	1781	7.2				phi 0,1,2 excluded
612	DELTA_GE_3_PROVED	C:\mcdo_ramsey_MASTER43\01_VALIDATION\MDO_R55_REFERENCE_CANDIDATE_V27E_STABLE\MDO_R55_REFERENCE_CANDIDATE_V27E_20260509_032316\r55_42some.g6	306	complement	c9203142e52d6cb44cc3e922e49fa426f70c347b93189a08c6768befc2cb8298	0	0	1152	1158	False	False	131	0.612	False	False	663	2.72	False	False	1781	7.06				phi 0,1,2 excluded
613	DELTA_GE_3_PROVED	C:\mcdo_ramsey_MASTER43\01_VALIDATION\MDO_R55_REFERENCE_CANDIDATE_V27E_STABLE\MDO_R55_REFERENCE_CANDIDATE_V27E_20260509_032316\r55_42some.g6	307	source	6d6c086456843241083ecb641a3ba734afd509dabf6d90e9788e26c80c5366dc	0	0	1159	1157	False	False	71	0.335	False	False	367	1.571	False	False	1165	4.739				phi 0,1,2 excluded
614	DELTA_GE_3_PROVED	C:\mcdo_ramsey_MASTER43\01_VALIDATION\MDO_R55_REFERENCE_CANDIDATE_V27E_STABLE\MDO_R55_REFERENCE_CANDIDATE_V27E_20260509_032316\r55_42some.g6	307	complement	40922bd350d7a6e070f6632c144b417501dee3aa96c7d5ec8f7e04c62d2df190	0	0	1157	1159	False	False	71	0.338	False	False	367	1.57	False	False	1165	4.748				phi 0,1,2 excluded
615	DELTA_GE_3_PROVED	C:\mcdo_ramsey_MASTER43\01_VALIDATION\MDO_R55_REFERENCE_CANDIDATE_V27E_STABLE\MDO_R55_REFERENCE_CANDIDATE_V27E_20260509_032316\r55_42some.g6	308	source	ccff6688b719e45a102a83061b0729d62c3c9f995605cefaeba02facb587450c	0	0	1146	1166	False	False	67	0.316	False	False	347	1.493	False	False	1167	4.728				phi 0,1,2 excluded
616	DELTA_GE_3_PROVED	C:\mcdo_ramsey_MASTER43\01_VALIDATION\MDO_R55_REFERENCE_CANDIDATE_V27E_STABLE\MDO_R55_REFERENCE_CANDIDATE_V27E_20260509_032316\r55_42some.g6	308	complement	b9af67bcb212d5bbe6e3c9a5b47a3056327e5c8bc97584517b05b5aaee1f9175	0	0	1166	1146	False	False	67	0.315	False	False	347	1.513	False	False	1167	4.816				phi 0,1,2 excluded
617	DELTA_GE_3_PROVED	C:\mcdo_ramsey_MASTER43\01_VALIDATION\MDO_R55_REFERENCE_CANDIDATE_V27E_STABLE\MDO_R55_REFERENCE_CANDIDATE_V27E_20260509_032316\r55_42some.g6	309	source	59f2f522ccb1626f5f3133e054e1a73dc1623708d705f71e376dbf58722d6f35	0	0	1158	1158	False	False	63	0.299	False	False	317	1.389	False	False	1049	4.354				phi 0,1,2 excluded
618	DELTA_GE_3_PROVED	C:\mcdo_ramsey_MASTER43\01_VALIDATION\MDO_R55_REFERENCE_CANDIDATE_V27E_STABLE\MDO_R55_REFERENCE_CANDIDATE_V27E_20260509_032316\r55_42some.g6	309	complement	9d9bdf0ff320c8a2dbda26b52f9abaf6d73e01a2282a6d406db910a34e934bc1	0	0	1158	1158	False	False	63	0.296	False	False	317	1.368	False	False	1049	4.303				phi 0,1,2 excluded
619	DELTA_GE_3_PROVED	C:\mcdo_ramsey_MASTER43\01_VALIDATION\MDO_R55_REFERENCE_CANDIDATE_V27E_STABLE\MDO_R55_REFERENCE_CANDIDATE_V27E_20260509_032316\r55_42some.g6	310	source	9cdee8b982025bbdb312b71e5848e6d8df0a18ec7324fec7b911ea6c6900cfc8	0	0	1171	1149	False	False	71	0.342	False	False	343	1.524	False	False	1143	4.79				phi 0,1,2 excluded
620	DELTA_GE_3_PROVED	C:\mcdo_ramsey_MASTER43\01_VALIDATION\MDO_R55_REFERENCE_CANDIDATE_V27E_STABLE\MDO_R55_REFERENCE_CANDIDATE_V27E_20260509_032316\r55_42some.g6	310	complement	7c45d2774065a3d8ab66cbaf84ee471b9ca21edffdc0bb1e392be046f0baa361	0	0	1149	1171	False	False	71	0.338	False	False	343	1.505	False	False	1143	4.722				phi 0,1,2 excluded
621	DELTA_GE_3_PROVED	C:\mcdo_ramsey_MASTER43\01_VALIDATION\MDO_R55_REFERENCE_CANDIDATE_V27E_STABLE\MDO_R55_REFERENCE_CANDIDATE_V27E_20260509_032316\r55_42some.g6	311	source	18111e4bb8cc4d102e18ec0fa6ccc787b09b7cdc5bf55fa2cd6e1948cea0ab3b	0	0	1173	1148	False	False	63	0.297	False	False	373	1.597	False	False	1093	4.485				phi 0,1,2 excluded
622	DELTA_GE_3_PROVED	C:\mcdo_ramsey_MASTER43\01_VALIDATION\MDO_R55_REFERENCE_CANDIDATE_V27E_STABLE\MDO_R55_REFERENCE_CANDIDATE_V27E_20260509_032316\r55_42some.g6	311	complement	94c3459e24dc4a57fd01664dbadda4eeab3d9f3e414d31ce2defdf5cc149e0e2	0	0	1148	1173	False	False	63	0.299	False	False	373	1.603	False	False	1093	4.496				phi 0,1,2 excluded
623	DELTA_GE_3_PROVED	C:\mcdo_ramsey_MASTER43\01_VALIDATION\MDO_R55_REFERENCE_CANDIDATE_V27E_STABLE\MDO_R55_REFERENCE_CANDIDATE_V27E_20260509_032316\r55_42some.g6	312	source	27ac10a3c88b298998e3556fc1ddea413c9127e5adab752f2d1881602b68b7aa	0	0	1160	1157	False	False	101	0.481	False	False	519	2.212	False	False	1459	6.043				phi 0,1,2 excluded
624	DELTA_GE_3_PROVED	C:\mcdo_ramsey_MASTER43\01_VALIDATION\MDO_R55_REFERENCE_CANDIDATE_V27E_STABLE\MDO_R55_REFERENCE_CANDIDATE_V27E_20260509_032316\r55_42some.g6	312	complement	e9972423adbb8c49d326d2534b1399ae30d9b77f6889ae8bea72e9564b527ea2	0	0	1157	1160	False	False	101	0.481	False	False	519	2.194	False	False	1459	6.003				phi 0,1,2 excluded
625	DELTA_GE_3_PROVED	C:\mcdo_ramsey_MASTER43\01_VALIDATION\MDO_R55_REFERENCE_CANDIDATE_V27E_STABLE\MDO_R55_REFERENCE_CANDIDATE_V27E_20260509_032316\r55_42some.g6	313	source	a94ba5485541f937048562dda9617fa9c3c75da945bfa2db320b945228b74c48	0	0	1173	1149	False	False	65	0.31	False	False	341	1.459	False	False	927	3.88				phi 0,1,2 excluded
626	DELTA_GE_3_PROVED	C:\mcdo_ramsey_MASTER43\01_VALIDATION\MDO_R55_REFERENCE_CANDIDATE_V27E_STABLE\MDO_R55_REFERENCE_CANDIDATE_V27E_20260509_032316\r55_42some.g6	313	complement	120280ee427f80802f2697462887b287ac67c3ef61b9987f499180c8d6ff7a20	0	0	1149	1173	False	False	65	0.311	False	False	341	1.47	False	False	927	3.894				phi 0,1,2 excluded
627	DELTA_GE_3_PROVED	C:\mcdo_ramsey_MASTER43\01_VALIDATION\MDO_R55_REFERENCE_CANDIDATE_V27E_STABLE\MDO_R55_REFERENCE_CANDIDATE_V27E_20260509_032316\r55_42some.g6	314	source	2cafeae60af38675739230d26ce5dc9bed7d22127e941090a4f5966438833eed	0	0	1186	1140	False	False	67	0.32	False	False	379	1.639	False	False	1163	4.743				phi 0,1,2 excluded
628	DELTA_GE_3_PROVED	C:\mcdo_ramsey_MASTER43\01_VALIDATION\MDO_R55_REFERENCE_CANDIDATE_V27E_STABLE\MDO_R55_REFERENCE_CANDIDATE_V27E_20260509_032316\r55_42some.g6	314	complement	b1c04f894b5b13f1caacf9bc8802e9171fe010c6d60bb1c1cf03a9f3942a970c	0	0	1140	1186	False	False	67	0.32	False	False	379	1.635	False	False	1163	4.741				phi 0,1,2 excluded
629	DELTA_GE_3_PROVED	C:\mcdo_ramsey_MASTER43\01_VALIDATION\MDO_R55_REFERENCE_CANDIDATE_V27E_STABLE\MDO_R55_REFERENCE_CANDIDATE_V27E_20260509_032316\r55_42some.g6	315	source	0ea7922e1dcab9fe569f75aac69833aded4f5df34c0d8488e40501f9d8dd2a5e	0	0	1154	1159	False	False	71	0.345	False	False	361	1.582	False	False	1155	4.757				phi 0,1,2 excluded
630	DELTA_GE_3_PROVED	C:\mcdo_ramsey_MASTER43\01_VALIDATION\MDO_R55_REFERENCE_CANDIDATE_V27E_STABLE\MDO_R55_REFERENCE_CANDIDATE_V27E_20260509_032316\r55_42some.g6	315	complement	bb29636b7c54283ed854f83a437a18dce6d019632e0cccd63b829846a3d9c24f	0	0	1159	1154	False	False	71	0.337	False	False	361	1.566	False	False	1155	4.729				phi 0,1,2 excluded
631	DELTA_GE_3_PROVED	C:\mcdo_ramsey_MASTER43\01_VALIDATION\MDO_R55_REFERENCE_CANDIDATE_V27E_STABLE\MDO_R55_REFERENCE_CANDIDATE_V27E_20260509_032316\r55_42some.g6	316	source	0a519384b96e888b82e685ee329560b8bee136e3fb11634f6a9acff54fdf7a98	0	0	1141	1168	False	False	67	0.314	False	False	351	1.501	False	False	1163	4.693				phi 0,1,2 excluded
632	DELTA_GE_3_PROVED	C:\mcdo_ramsey_MASTER43\01_VALIDATION\MDO_R55_REFERENCE_CANDIDATE_V27E_STABLE\MDO_R55_REFERENCE_CANDIDATE_V27E_20260509_032316\r55_42some.g6	316	complement	34778c421bc79899ba02e32563345c8518f3298242d95aab11bdd64989e84fdb	0	0	1168	1141	False	False	67	0.311	False	False	351	1.503	False	False	1163	4.734				phi 0,1,2 excluded
633	DELTA_GE_3_PROVED	C:\mcdo_ramsey_MASTER43\01_VALIDATION\MDO_R55_REFERENCE_CANDIDATE_V27E_STABLE\MDO_R55_REFERENCE_CANDIDATE_V27E_20260509_032316\r55_42some.g6	317	source	c54046ee1ae00d48aabed0b31727762b9687a24a44e06f5fff3f0c27d92ea463	0	0	1169	1150	False	False	63	0.294	False	False	373	1.583	False	False	1123	4.549				phi 0,1,2 excluded
634	DELTA_GE_3_PROVED	C:\mcdo_ramsey_MASTER43\01_VALIDATION\MDO_R55_REFERENCE_CANDIDATE_V27E_STABLE\MDO_R55_REFERENCE_CANDIDATE_V27E_20260509_032316\r55_42some.g6	317	complement	3356d16ae1a3a3ae173ec564f6c329c2fdaca11898334b6982a87fa795d54705	0	0	1150	1169	False	False	63	0.301	False	False	373	1.604	False	False	1123	4.632				phi 0,1,2 excluded
635	DELTA_GE_3_PROVED	C:\mcdo_ramsey_MASTER43\01_VALIDATION\MDO_R55_REFERENCE_CANDIDATE_V27E_STABLE\MDO_R55_REFERENCE_CANDIDATE_V27E_20260509_032316\r55_42some.g6	318	source	7bff9ec00b4a444fbd47e82be8af6b2eb8dd22327ccb74aaf79b48e7ee25bbb3	0	0	1156	1159	False	False	97	0.447	False	False	475	2.007	False	False	1405	5.676				phi 0,1,2 excluded
636	DELTA_GE_3_PROVED	C:\mcdo_ramsey_MASTER43\01_VALIDATION\MDO_R55_REFERENCE_CANDIDATE_V27E_STABLE\MDO_R55_REFERENCE_CANDIDATE_V27E_20260509_032316\r55_42some.g6	318	complement	528766254d3e3d3c1ee2d4a6bbc09fc4a61e23e8e311f8a2209e889d7364e383	0	0	1159	1156	False	False	97	0.45	False	False	475	2.021	False	False	1405	5.752				phi 0,1,2 excluded
637	DELTA_GE_3_PROVED	C:\mcdo_ramsey_MASTER43\01_VALIDATION\MDO_R55_REFERENCE_CANDIDATE_V27E_STABLE\MDO_R55_REFERENCE_CANDIDATE_V27E_20260509_032316\r55_42some.g6	319	source	940d266831be122a38e2ac7f59dd7b98f2225f39a382b32dcdfa71910b2cba5f	0	0	1168	1147	False	False	73	0.34	False	False	387	1.626	False	False	1153	4.69				phi 0,1,2 excluded
638	DELTA_GE_3_PROVED	C:\mcdo_ramsey_MASTER43\01_VALIDATION\MDO_R55_REFERENCE_CANDIDATE_V27E_STABLE\MDO_R55_REFERENCE_CANDIDATE_V27E_20260509_032316\r55_42some.g6	319	complement	0210b34a02aefc0ae211c47d95c0bc981732bea414549f8278602d3184aa6fbd	0	0	1147	1168	False	False	73	0.344	False	False	387	1.638	False	False	1153	4.7				phi 0,1,2 excluded
639	DELTA_GE_3_PROVED	C:\mcdo_ramsey_MASTER43\01_VALIDATION\MDO_R55_REFERENCE_CANDIDATE_V27E_STABLE\MDO_R55_REFERENCE_CANDIDATE_V27E_20260509_032316\r55_42some.g6	320	source	08d4d20db5084da0fd27377b23c3902a0eac19b63a7d79daf01ce3eba84d4d2f	0	0	1155	1156	False	False	67	0.317	False	False	347	1.514	False	False	1103	4.624				phi 0,1,2 excluded
640	DELTA_GE_3_PROVED	C:\mcdo_ramsey_MASTER43\01_VALIDATION\MDO_R55_REFERENCE_CANDIDATE_V27E_STABLE\MDO_R55_REFERENCE_CANDIDATE_V27E_20260509_032316\r55_42some.g6	320	complement	7553911b4cc489e4f823fabf443873e8b333dd52ad687573ad4e42dba165be43	0	0	1156	1155	False	False	67	0.312	False	False	347	1.487	False	False	1103	4.533				phi 0,1,2 excluded
641	DELTA_GE_3_PROVED	C:\mcdo_ramsey_MASTER43\01_VALIDATION\MDO_R55_REFERENCE_CANDIDATE_V27E_STABLE\MDO_R55_REFERENCE_CANDIDATE_V27E_20260509_032316\r55_42some.g6	321	source	46a80099a157439e3821ae8caadf5012d1e101a07ae0396321e1a5ed4a7bdcfb	0	0	1167	1148	False	False	63	0.3	False	False	325	1.397	False	False	1025	4.256				phi 0,1,2 excluded
642	DELTA_GE_3_PROVED	C:\mcdo_ramsey_MASTER43\01_VALIDATION\MDO_R55_REFERENCE_CANDIDATE_V27E_STABLE\MDO_R55_REFERENCE_CANDIDATE_V27E_20260509_032316\r55_42some.g6	321	complement	e4fdfe7e9a059e076a22edb38a505f5cc719ae962fa01bfc1925afa4a6e0af53	0	0	1148	1167	False	False	63	0.301	False	False	325	1.453	False	False	1025	4.385				phi 0,1,2 excluded
643	DELTA_GE_3_PROVED	C:\mcdo_ramsey_MASTER43\01_VALIDATION\MDO_R55_REFERENCE_CANDIDATE_V27E_STABLE\MDO_R55_REFERENCE_CANDIDATE_V27E_20260509_032316\r55_42some.g6	322	source	9cba532bd94b5e6c7a5c610c8502c68ef8fc98f3f40c08d0346cb36932cce044	0	0	1180	1139	False	False	71	0.336	False	False	343	1.495	False	False	1131	4.654				phi 0,1,2 excluded
644	DELTA_GE_3_PROVED	C:\mcdo_ramsey_MASTER43\01_VALIDATION\MDO_R55_REFERENCE_CANDIDATE_V27E_STABLE\MDO_R55_REFERENCE_CANDIDATE_V27E_20260509_032316\r55_42some.g6	322	complement	3bfe1219e2df807138d76c23a674dd11a8b8e518205b9f6737c0602865ccee17	0	0	1139	1180	False	False	71	0.343	False	False	343	1.521	False	False	1131	4.736				phi 0,1,2 excluded
645	DELTA_GE_3_PROVED	C:\mcdo_ramsey_MASTER43\01_VALIDATION\MDO_R55_REFERENCE_CANDIDATE_V27E_STABLE\MDO_R55_REFERENCE_CANDIDATE_V27E_20260509_032316\r55_42some.g6	323	source	7d83d742414b62b77e3315bf428412b38ee0843a5e7e40bfad7ac87a30686df1	0	0	1182	1138	False	False	65	0.307	False	False	373	1.59	False	False	1119	4.575				phi 0,1,2 excluded
646	DELTA_GE_3_PROVED	C:\mcdo_ramsey_MASTER43\01_VALIDATION\MDO_R55_REFERENCE_CANDIDATE_V27E_STABLE\MDO_R55_REFERENCE_CANDIDATE_V27E_20260509_032316\r55_42some.g6	323	complement	0dadf4dba3153b0b9ffbf2779a2aee7a61c385b945c5b2ddc18fe48992598257	0	0	1138	1182	False	False	65	0.306	False	False	373	1.584	False	False	1119	4.585				phi 0,1,2 excluded
647	DELTA_GE_3_PROVED	C:\mcdo_ramsey_MASTER43\01_VALIDATION\MDO_R55_REFERENCE_CANDIDATE_V27E_STABLE\MDO_R55_REFERENCE_CANDIDATE_V27E_20260509_032316\r55_42some.g6	324	source	8af3a8316e5648c00340e26be30c885f3118a1115e9f26813d595d6014ab7211	0	0	1169	1147	False	False	101	0.462	False	False	535	2.208	False	False	1491	5.964				phi 0,1,2 excluded
648	DELTA_GE_3_PROVED	C:\mcdo_ramsey_MASTER43\01_VALIDATION\MDO_R55_REFERENCE_CANDIDATE_V27E_STABLE\MDO_R55_REFERENCE_CANDIDATE_V27E_20260509_032316\r55_42some.g6	324	complement	12e0f60e41d0c20b74637656d893ae6db8bb548d0bb22667dfbdb836511fb373	0	0	1147	1169	False	False	101	0.477	False	False	535	2.24	False	False	1491	6.076				phi 0,1,2 excluded
649	DELTA_GE_3_PROVED	C:\mcdo_ramsey_MASTER43\01_VALIDATION\MDO_R55_REFERENCE_CANDIDATE_V27E_STABLE\MDO_R55_REFERENCE_CANDIDATE_V27E_20260509_032316\r55_42some.g6	325	source	4f47425f723e4705559760522784c07b8298c15dde988aba7b180ba4e2cf974c	0	0	1182	1139	False	False	63	0.291	False	False	303	1.307	False	False	875	3.646				phi 0,1,2 excluded
650	DELTA_GE_3_PROVED	C:\mcdo_ramsey_MASTER43\01_VALIDATION\MDO_R55_REFERENCE_CANDIDATE_V27E_STABLE\MDO_R55_REFERENCE_CANDIDATE_V27E_20260509_032316\r55_42some.g6	325	complement	aaa548b8a12da6037407570c3bb8816c74085de6ad38314db43cc3a2c5a8d091	0	0	1139	1182	False	False	63	0.299	False	False	303	1.326	False	False	875	3.702				phi 0,1,2 excluded
651	DELTA_GE_3_PROVED	C:\mcdo_ramsey_MASTER43\01_VALIDATION\MDO_R55_REFERENCE_CANDIDATE_V27E_STABLE\MDO_R55_REFERENCE_CANDIDATE_V27E_20260509_032316\r55_42some.g6	326	source	79d20b1cb747ed5237e1d3e8ea07bfd31c2ba2909f2947084c19bc454d7525c2	0	0	1195	1130	False	False	69	0.326	False	False	399	1.691	False	False	1217	4.906				phi 0,1,2 excluded
652	DELTA_GE_3_PROVED	C:\mcdo_ramsey_MASTER43\01_VALIDATION\MDO_R55_REFERENCE_CANDIDATE_V27E_STABLE\MDO_R55_REFERENCE_CANDIDATE_V27E_20260509_032316\r55_42some.g6	326	complement	46be2c834eb3e6c1f87d075edc13358b5bfb522961b28e6354bcdf2a8282ceac	0	0	1130	1195	False	False	69	0.328	False	False	399	1.688	False	False	1217	4.882				phi 0,1,2 excluded
653	DELTA_GE_3_PROVED	C:\mcdo_ramsey_MASTER43\01_VALIDATION\MDO_R55_REFERENCE_CANDIDATE_V27E_STABLE\MDO_R55_REFERENCE_CANDIDATE_V27E_20260509_032316\r55_42some.g6	327	source	f112855ecbd81b5c63fe7aa4523af6c243d0ba0510010c4524054c3eec95eaa3	0	0	1177	1144	False	False	117	0.538	False	False	573	2.446	False	False	1755	7.159				phi 0,1,2 excluded
654	DELTA_GE_3_PROVED	C:\mcdo_ramsey_MASTER43\01_VALIDATION\MDO_R55_REFERENCE_CANDIDATE_V27E_STABLE\MDO_R55_REFERENCE_CANDIDATE_V27E_20260509_032316\r55_42some.g6	327	complement	79b8718d8728d1613987c0639463e9e2b82fee177c785bf6a6c8ec83052fa938	0	0	1144	1177	False	False	117	0.548	False	False	573	2.433	False	False	1755	7.015				phi 0,1,2 excluded
655	DELTA_GE_3_PROVED	C:\mcdo_ramsey_MASTER43\01_VALIDATION\MDO_R55_REFERENCE_CANDIDATE_V27E_STABLE\MDO_R55_REFERENCE_CANDIDATE_V27E_20260509_032316\r55_42some.g6	328	source	5574de35719e9ea2ca0c49277cf596fd4ff6073b47e1ad3f1428ac1f2b2ac277	0	0	1164	1151	False	False	115	0.529	False	False	571	2.408	False	False	1793	7.127				phi 0,1,2 excluded
656	DELTA_GE_3_PROVED	C:\mcdo_ramsey_MASTER43\01_VALIDATION\MDO_R55_REFERENCE_CANDIDATE_V27E_STABLE\MDO_R55_REFERENCE_CANDIDATE_V27E_20260509_032316\r55_42some.g6	328	complement	6825e0f0602b928a259d65dc35f83b067100555fe042b9da56c6ef05f1a9b311	0	0	1151	1164	False	False	115	0.54	False	False	571	2.425	False	False	1793	7.166				phi 0,1,2 excluded
657	DELTA_GE_3_PROVED	C:\mcdo_ramsey_MASTER43\03_K43_DISCOVERY\K42_WAVE_ESCAPE_V01\K42_WAVE_ESCAPE_V01_20260513_073249\candidates\K42_valid_attempt14_knownTrue\candidate_K42.g6	1	source	7658c787862ab5a423501010aeb80856fc467a7aa082d99f10781733152f462d	0	0	1157	1155	False	False	89	0.415	False	False	491	2.061	False	False	1383	5.623				phi 0,1,2 excluded
658	DELTA_GE_3_PROVED	C:\mcdo_ramsey_MASTER43\03_K43_DISCOVERY\K42_WAVE_ESCAPE_V01\K42_WAVE_ESCAPE_V01_20260513_073249\candidates\K42_valid_attempt14_knownTrue\candidate_K42.g6	1	complement	20dab75d633940b1301439504d4f22c555d87cdd12d4a7a24a1315b7293c1c11	0	0	1155	1157	False	False	89	0.422	False	False	491	2.101	False	False	1383	5.697				phi 0,1,2 excluded
659	DELTA_GE_3_PROVED	C:\mcdo_ramsey_MASTER43\03_K43_DISCOVERY\K42_WAVE_ESCAPE_V01\K42_WAVE_ESCAPE_V01_20260513_073249\candidates\K42_valid_attempt17_knownTrue\candidate_K42.g6	1	source	799a2258506fc5b0d4735f0f75ec8f1bd9d10ceaa704200a7853766a89f12dcf	0	0	1146	1165	False	False	135	0.624	False	False	717	2.963	False	False	1863	7.401				phi 0,1,2 excluded
660	DELTA_GE_3_PROVED	C:\mcdo_ramsey_MASTER43\03_K43_DISCOVERY\K42_WAVE_ESCAPE_V01\K42_WAVE_ESCAPE_V01_20260513_073249\candidates\K42_valid_attempt17_knownTrue\candidate_K42.g6	1	complement	a3536e1a38b4ee260f06133f817957e5f50d7db2f0ff7e003be9641d37b8e0a2	0	0	1165	1146	False	False	135	0.612	False	False	717	2.922	False	False	1863	7.356				phi 0,1,2 excluded
661	DELTA_GE_3_PROVED	C:\mcdo_ramsey_MASTER43\03_K43_DISCOVERY\K42_WAVE_ESCAPE_V01\K42_WAVE_ESCAPE_V01_20260513_073249\candidates\K42_valid_attempt20_knownTrue\candidate_K42.g6	1	source	72e545d3be2901355d11107c1810075337667e416e5bfe9c1a41954ad514c205	0	0	1153	1157	False	False	103	0.486	False	False	623	2.574	False	False	1719	6.867				phi 0,1,2 excluded
662	DELTA_GE_3_PROVED	C:\mcdo_ramsey_MASTER43\03_K43_DISCOVERY\K42_WAVE_ESCAPE_V01\K42_WAVE_ESCAPE_V01_20260513_073249\candidates\K42_valid_attempt20_knownTrue\candidate_K42.g6	1	complement	40b5169b8a1763449a0f397d44c70c678a5791e61823fb747381eb163d6f629f	0	0	1157	1153	False	False	103	0.473	False	False	623	2.546	False	False	1719	6.755				phi 0,1,2 excluded
663	DELTA_GE_3_PROVED	C:\mcdo_ramsey_MASTER43\03_K43_DISCOVERY\K42_WAVE_ESCAPE_V01\K42_WAVE_ESCAPE_V01_20260513_073249\candidates\K42_valid_attempt22_knownTrue\candidate_K42.g6	1	source	9813ec2fd6bb739cdf67cd81f0664eeef6266560a9a2cb45b2c46e39eda2b324	0	0	1141	1161	False	False	131	0.581	False	False	691	2.805	False	False	1717	6.829				phi 0,1,2 excluded
664	DELTA_GE_3_PROVED	C:\mcdo_ramsey_MASTER43\03_K43_DISCOVERY\K42_WAVE_ESCAPE_V01\K42_WAVE_ESCAPE_V01_20260513_073249\candidates\K42_valid_attempt22_knownTrue\candidate_K42.g6	1	complement	33fbf9f9fc65d97c6624f095ce3a63d9bbc411c3c4d271893151ff3d81a9b342	0	0	1161	1141	False	False	131	0.591	False	False	691	2.827	False	False	1717	6.862				phi 0,1,2 excluded
665	DELTA_GE_3_PROVED	C:\mcdo_ramsey_MASTER43\03_K43_DISCOVERY\K42_WAVE_ESCAPE_V01\K42_WAVE_ESCAPE_V01_20260513_073249\candidates\K42_valid_attempt25_knownTrue\candidate_K42.g6	1	source	4aacebf8264402866b2b4a77ed5036f98ab293aad75da860cdc34871157101cb	0	0	1174	1138	False	False	73	0.343	False	False	383	1.667	False	False	1153	4.911				phi 0,1,2 excluded
666	DELTA_GE_3_PROVED	C:\mcdo_ramsey_MASTER43\03_K43_DISCOVERY\K42_WAVE_ESCAPE_V01\K42_WAVE_ESCAPE_V01_20260513_073249\candidates\K42_valid_attempt25_knownTrue\candidate_K42.g6	1	complement	3f973421876f82e50eaa675d949b68d00a64b5cbec0d714245c9175ac4584654	0	0	1138	1174	False	False	73	0.361	False	False	383	1.711	False	False	1153	4.907				phi 0,1,2 excluded
667	DELTA_GE_3_PROVED	C:\mcdo_ramsey_MASTER43\03_K43_DISCOVERY\K42_WAVE_ESCAPE_V01\K42_WAVE_ESCAPE_V01_20260513_073249\candidates\K42_valid_attempt2_knownTrue\candidate_K42.g6	1	source	39bb28f54936136a815f302823101e3b43c8d7bf6dd847631751c300126e074b	0	0	1130	1181	False	False	103	0.497	False	False	561	2.405	False	False	1429	5.881				phi 0,1,2 excluded
668	DELTA_GE_3_PROVED	C:\mcdo_ramsey_MASTER43\03_K43_DISCOVERY\K42_WAVE_ESCAPE_V01\K42_WAVE_ESCAPE_V01_20260513_073249\candidates\K42_valid_attempt2_knownTrue\candidate_K42.g6	1	complement	55b7165a2340848c449ad46dc2870d8a5e8e9060d2a1588b9b890fd45611e4ff	0	0	1181	1130	False	False	103	0.501	False	False	561	2.447	False	False	1429	6.045				phi 0,1,2 excluded
669	DELTA_GE_3_PROVED	C:\mcdo_ramsey_MASTER43\03_K43_DISCOVERY\K42_WAVE_ESCAPE_V01\K42_WAVE_ESCAPE_V01_20260513_073249\candidates\K42_valid_attempt31_knownTrue\candidate_K42.g6	1	source	c7cae8a747cf8dfacd6106a5c64f215a0002d33e7edef4bd89ca1522e7e0ed43	0	0	1147	1171	False	False	115	0.547	False	False	597	2.568	False	False	1737	7.216				phi 0,1,2 excluded
670	DELTA_GE_3_PROVED	C:\mcdo_ramsey_MASTER43\03_K43_DISCOVERY\K42_WAVE_ESCAPE_V01\K42_WAVE_ESCAPE_V01_20260513_073249\candidates\K42_valid_attempt31_knownTrue\candidate_K42.g6	1	complement	2069675e01ccfb6064fc455f696d527ba0ba4f6d761e39f0aa28e2236b9a71a7	0	0	1171	1147	False	False	115	0.559	False	False	597	2.608	False	False	1737	7.289				phi 0,1,2 excluded
671	DELTA_GE_3_PROVED	C:\mcdo_ramsey_MASTER43\03_K43_DISCOVERY\K42_WAVE_ESCAPE_V01\K42_WAVE_ESCAPE_V01_20260513_073249\candidates\K42_valid_attempt5_knownTrue\candidate_K42.g6	1	source	578c1d74f91cd1d02959a47ba4790e90245eb053eb1088ace37e13eb5d7d848e	0	0	1152	1157	False	False	129	0.594	False	False	637	2.672	False	False	1639	7.248				phi 0,1,2 excluded
672	DELTA_GE_3_PROVED	C:\mcdo_ramsey_MASTER43\03_K43_DISCOVERY\K42_WAVE_ESCAPE_V01\K42_WAVE_ESCAPE_V01_20260513_073249\candidates\K42_valid_attempt5_knownTrue\candidate_K42.g6	1	complement	401b910c09bd5ec2233f38c3481e49c7db009b753c1c8a8d8a069914f42f4d03	0	0	1157	1152	False	False	129	0.654	False	False	637	4.693	False	False	1639	7.711				phi 0,1,2 excluded
673	DELTA_GE_3_PROVED	C:\mcdo_ramsey_MASTER43\03_K43_DISCOVERY\K42_WAVE_ESCAPE_V01\K42_WAVE_ESCAPE_V01_20260513_073249\candidates\K42_valid_attempt8_knownTrue\candidate_K42.g6	1	source	760003fb58ce632edd5323a0cb04762d09b41acbc67d810594e74250fe86a276	0	0	1167	1149	False	False	75	0.39	False	False	373	1.779	False	False	1125	5.202				phi 0,1,2 excluded
674	DELTA_GE_3_PROVED	C:\mcdo_ramsey_MASTER43\03_K43_DISCOVERY\K42_WAVE_ESCAPE_V01\K42_WAVE_ESCAPE_V01_20260513_073249\candidates\K42_valid_attempt8_knownTrue\candidate_K42.g6	1	complement	a9256262f1493e6b1fb6570d70ad38deebd546675f8388143a8a2ae7251b95e2	0	0	1149	1167	False	False	75	0.434	False	False	373	2.052	False	False	1125	5.568				phi 0,1,2 excluded
